antigen_name,query,pmid,title,journal,pubdate,doi,authors,source_reference,evidence_text,url
EGFR,"(""EGFR""[Title/Abstract] OR ""EGFR""[MeSH Terms]) AND (""antibody""[Title/Abstract] OR ""antibodies""[Title/Abstract] OR ""nanobody""[Title/Abstract] OR ""single-domain antibody""[Title/Abstract] OR ""scFv""[Title/Abstract] OR ""Fab""[Title/Abstract] OR ""neutralizing antibody""[Title/Abstract])",33839159,"Discovery of amivantamab (JNJ-61186372), a bispecific antibody targeting EGFR and MET.",The Journal of biological chemistry,2021 Jan-Jun,10.1016/j.jbc.2021.100641,Neijssen J; Cardoso RMF; Chevalier KM; Wiegman L; Valerius T; Anderson GM; et al.,PMID:33839159,"Discovery of amivantamab (JNJ-61186372), a bispecific antibody targeting EGFR and MET. | The Journal of biological chemistry | 2021 Jan-Jun",https://pubmed.ncbi.nlm.nih.gov/33839159/
EGFR,"(""EGFR""[Title/Abstract] OR ""EGFR""[MeSH Terms]) AND (""antibody""[Title/Abstract] OR ""antibodies""[Title/Abstract] OR ""nanobody""[Title/Abstract] OR ""single-domain antibody""[Title/Abstract] OR ""scFv""[Title/Abstract] OR ""Fab""[Title/Abstract] OR ""neutralizing antibody""[Title/Abstract])",15837620,Structural basis for inhibition of the epidermal growth factor receptor by cetuximab.,Cancer cell,2005 Apr,10.1016/j.ccr.2005.03.003,Li S; Schmitz KR; Jeffrey PD; Wiltzius JJ; Kussie P; Ferguson KM,PMID:15837620,Structural basis for inhibition of the epidermal growth factor receptor by cetuximab. | Cancer cell | 2005 Apr,https://pubmed.ncbi.nlm.nih.gov/15837620/
EGFR,"(""EGFR""[Title/Abstract] OR ""EGFR""[MeSH Terms]) AND (""antibody""[Title/Abstract] OR ""antibodies""[Title/Abstract] OR ""nanobody""[Title/Abstract] OR ""single-domain antibody""[Title/Abstract] OR ""scFv""[Title/Abstract] OR ""Fab""[Title/Abstract] OR ""neutralizing antibody""[Title/Abstract])",39455963,Discovery of nanobodies: a comprehensive review of their applications and potential over the past five years.,Journal of nanobiotechnology,2024 Oct 26,10.1186/s12951-024-02900-y,Alexander E; Leong KW,PMID:39455963,Discovery of nanobodies: a comprehensive review of their applications and potential over the past five years. | Journal of nanobiotechnology | 2024 Oct 26,https://pubmed.ncbi.nlm.nih.gov/39455963/
EGFR,"(""EGFR""[Title/Abstract] OR ""EGFR""[MeSH Terms]) AND (""antibody""[Title/Abstract] OR ""antibodies""[Title/Abstract] OR ""nanobody""[Title/Abstract] OR ""single-domain antibody""[Title/Abstract] OR ""scFv""[Title/Abstract] OR ""Fab""[Title/Abstract] OR ""neutralizing antibody""[Title/Abstract])",12610629,Structure of the extracellular region of HER2 alone and in complex with the Herceptin Fab.,Nature,2003 Feb 13,10.1038/nature01392,Cho HS; Mason K; Ramyar KX; Stanley AM; Gabelli SB; Denney DW Jr; et al.,PMID:12610629,Structure of the extracellular region of HER2 alone and in complex with the Herceptin Fab. | Nature | 2003 Feb 13,https://pubmed.ncbi.nlm.nih.gov/12610629/
EGFR,"(""EGFR""[Title/Abstract] OR ""EGFR""[MeSH Terms]) AND (""antibody""[Title/Abstract] OR ""antibodies""[Title/Abstract] OR ""nanobody""[Title/Abstract] OR ""single-domain antibody""[Title/Abstract] OR ""scFv""[Title/Abstract] OR ""Fab""[Title/Abstract] OR ""neutralizing antibody""[Title/Abstract])",23556153,N(ε)-(3-[(131)I]Iodobenzoyl)-Lys(5)-N(α)-maleimido-Gly(1)-GEEEK-anti-HER2 nanobody 5F7GGC.,,2004,,Leung K,PMID:23556153,N(ε)-(3-[(131)I]Iodobenzoyl)-Lys(5)-N(α)-maleimido-Gly(1)-GEEEK-anti-HER2 nanobody 5F7GGC. | 2004,https://pubmed.ncbi.nlm.nih.gov/23556153/
SARS-CoV-2 Spike,"(""SARS-CoV-2 Spike""[Title/Abstract] OR ""SARS-CoV-2 Spike""[MeSH Terms]) AND (""antibody""[Title/Abstract] OR ""antibodies""[Title/Abstract] OR ""nanobody""[Title/Abstract] OR ""single-domain antibody""[Title/Abstract] OR ""scFv""[Title/Abstract] OR ""Fab""[Title/Abstract] OR ""neutralizing antibody""[Title/Abstract])",37146611,ESCRT recruitment to SARS-CoV-2 spike induces virus-like particles that improve mRNA vaccines.,Cell,2023 May 25,10.1016/j.cell.2023.04.024,Hoffmann MAG; Yang Z; Huey-Tubman KE; Cohen AA; Gnanapragasam PNP; Nakatomi LM; et al.,PMID:37146611,ESCRT recruitment to SARS-CoV-2 spike induces virus-like particles that improve mRNA vaccines. | Cell | 2023 May 25,https://pubmed.ncbi.nlm.nih.gov/37146611/
SARS-CoV-2 Spike,"(""SARS-CoV-2 Spike""[Title/Abstract] OR ""SARS-CoV-2 Spike""[MeSH Terms]) AND (""antibody""[Title/Abstract] OR ""antibodies""[Title/Abstract] OR ""nanobody""[Title/Abstract] OR ""single-domain antibody""[Title/Abstract] OR ""scFv""[Title/Abstract] OR ""Fab""[Title/Abstract] OR ""neutralizing antibody""[Title/Abstract])",33160446,Elicitation of Potent Neutralizing Antibody Responses by Designed Protein Nanoparticle Vaccines for SARS-CoV-2.,Cell,2020 Nov 25,10.1016/j.cell.2020.10.043,Walls AC; Fiala B; Schäfer A; Wrenn S; Pham MN; Murphy M; et al.,PMID:33160446,Elicitation of Potent Neutralizing Antibody Responses by Designed Protein Nanoparticle Vaccines for SARS-CoV-2. | Cell | 2020 Nov 25,https://pubmed.ncbi.nlm.nih.gov/33160446/
SARS-CoV-2 Spike,"(""SARS-CoV-2 Spike""[Title/Abstract] OR ""SARS-CoV-2 Spike""[MeSH Terms]) AND (""antibody""[Title/Abstract] OR ""antibodies""[Title/Abstract] OR ""nanobody""[Title/Abstract] OR ""single-domain antibody""[Title/Abstract] OR ""scFv""[Title/Abstract] OR ""Fab""[Title/Abstract] OR ""neutralizing antibody""[Title/Abstract])",34620716,Cryo-EM structure determination of small proteins by nanobody-binding scaffolds (Legobodies).,Proceedings of the National Academy of Sciences of the United States of America,2021 Oct 12,10.1073/pnas.2115001118,Wu X; Rapoport TA,PMID:34620716,Cryo-EM structure determination of small proteins by nanobody-binding scaffolds (Legobodies). | Proceedings of the National Academy of Sciences of the United States of America | 2021 Oct 12,https://pubmed.ncbi.nlm.nih.gov/34620716/
SARS-CoV-2 Spike,"(""SARS-CoV-2 Spike""[Title/Abstract] OR ""SARS-CoV-2 Spike""[MeSH Terms]) AND (""antibody""[Title/Abstract] OR ""antibodies""[Title/Abstract] OR ""nanobody""[Title/Abstract] OR ""single-domain antibody""[Title/Abstract] OR ""scFv""[Title/Abstract] OR ""Fab""[Title/Abstract] OR ""neutralizing antibody""[Title/Abstract])",37254830,SARS-CoV-2 spike S2-specific neutralizing antibodies.,Emerging microbes & infections,2023 Dec,10.1080/22221751.2023.2220582,Li CJ; Chang SC,PMID:37254830,SARS-CoV-2 spike S2-specific neutralizing antibodies. | Emerging microbes & infections | 2023 Dec,https://pubmed.ncbi.nlm.nih.gov/37254830/
SARS-CoV-2 Spike,"(""SARS-CoV-2 Spike""[Title/Abstract] OR ""SARS-CoV-2 Spike""[MeSH Terms]) AND (""antibody""[Title/Abstract] OR ""antibodies""[Title/Abstract] OR ""nanobody""[Title/Abstract] OR ""single-domain antibody""[Title/Abstract] OR ""scFv""[Title/Abstract] OR ""Fab""[Title/Abstract] OR ""neutralizing antibody""[Title/Abstract])",36038194,Antibody-mediated immunity to SARS-CoV-2 spike.,Advances in immunology,2022,10.1016/bs.ai.2022.07.001,Errico JM; Adams LJ; Fremont DH,PMID:36038194,Antibody-mediated immunity to SARS-CoV-2 spike. | Advances in immunology | 2022,https://pubmed.ncbi.nlm.nih.gov/36038194/
TIGIT,"(""TIGIT""[Title/Abstract] OR ""TIGIT""[MeSH Terms]) AND (""antibody""[Title/Abstract] OR ""antibodies""[Title/Abstract] OR ""nanobody""[Title/Abstract] OR ""single-domain antibody""[Title/Abstract] OR ""scFv""[Title/Abstract] OR ""Fab""[Title/Abstract] OR ""neutralizing antibody""[Title/Abstract])",37670328,"Targeting LAG-3, TIM-3, and TIGIT for cancer immunotherapy.",Journal of hematology & oncology,2023 Sep 5,10.1186/s13045-023-01499-1,Cai L; Li Y; Tan J; Xu L; Li Y,PMID:37670328,"Targeting LAG-3, TIM-3, and TIGIT for cancer immunotherapy. | Journal of hematology & oncology | 2023 Sep 5",https://pubmed.ncbi.nlm.nih.gov/37670328/
TIGIT,"(""TIGIT""[Title/Abstract] OR ""TIGIT""[MeSH Terms]) AND (""antibody""[Title/Abstract] OR ""antibodies""[Title/Abstract] OR ""nanobody""[Title/Abstract] OR ""single-domain antibody""[Title/Abstract] OR ""scFv""[Title/Abstract] OR ""Fab""[Title/Abstract] OR ""neutralizing antibody""[Title/Abstract])",31180194,"An Anti-CD3 Antibody, Teplizumab, in Relatives at Risk for Type 1 Diabetes.",The New England journal of medicine,2019 Aug 15,10.1056/NEJMoa1902226,Herold KC; Bundy BN; Long SA; Bluestone JA; DiMeglio LA; Dufort MJ; et al.,PMID:31180194,"An Anti-CD3 Antibody, Teplizumab, in Relatives at Risk for Type 1 Diabetes. | The New England journal of medicine | 2019 Aug 15",https://pubmed.ncbi.nlm.nih.gov/31180194/
TIGIT,"(""TIGIT""[Title/Abstract] OR ""TIGIT""[MeSH Terms]) AND (""antibody""[Title/Abstract] OR ""antibodies""[Title/Abstract] OR ""nanobody""[Title/Abstract] OR ""single-domain antibody""[Title/Abstract] OR ""scFv""[Title/Abstract] OR ""Fab""[Title/Abstract] OR ""neutralizing antibody""[Title/Abstract])",36709596,Immune checkpoint receptors in autoimmunity.,Current opinion in immunology,2023 Feb,10.1016/j.coi.2023.102283,Burke KP; Patterson DG; Liang D; Sharpe AH,PMID:36709596,Immune checkpoint receptors in autoimmunity. | Current opinion in immunology | 2023 Feb,https://pubmed.ncbi.nlm.nih.gov/36709596/
TIGIT,"(""TIGIT""[Title/Abstract] OR ""TIGIT""[MeSH Terms]) AND (""antibody""[Title/Abstract] OR ""antibodies""[Title/Abstract] OR ""nanobody""[Title/Abstract] OR ""single-domain antibody""[Title/Abstract] OR ""scFv""[Title/Abstract] OR ""Fab""[Title/Abstract] OR ""neutralizing antibody""[Title/Abstract])",38375475,Immune checkpoint inhibitors associated cardiovascular immune-related adverse events.,Frontiers in immunology,2024,10.3389/fimmu.2024.1340373,Jo W; Won T; Daoud A; Čiháková D,PMID:38375475,Immune checkpoint inhibitors associated cardiovascular immune-related adverse events. | Frontiers in immunology | 2024,https://pubmed.ncbi.nlm.nih.gov/38375475/
TIGIT,"(""TIGIT""[Title/Abstract] OR ""TIGIT""[MeSH Terms]) AND (""antibody""[Title/Abstract] OR ""antibodies""[Title/Abstract] OR ""nanobody""[Title/Abstract] OR ""single-domain antibody""[Title/Abstract] OR ""scFv""[Title/Abstract] OR ""Fab""[Title/Abstract] OR ""neutralizing antibody""[Title/Abstract])",33658358,Teplizumab improves and stabilizes beta cell function in antibody-positive high-risk individuals.,Science translational medicine,2021 Mar 3,10.1126/scitranslmed.abc8980,Sims EK; Bundy BN; Stier K; Serti E; Lim N; Long SA; et al.,PMID:33658358,Teplizumab improves and stabilizes beta cell function in antibody-positive high-risk individuals. | Science translational medicine | 2021 Mar 3,https://pubmed.ncbi.nlm.nih.gov/33658358/
Beta-2-microglobulin,"(""Beta-2-microglobulin""[Title/Abstract] OR ""Beta-2-microglobulin""[MeSH Terms]) AND (""antibody""[Title/Abstract] OR ""antibodies""[Title/Abstract] OR ""nanobody""[Title/Abstract] OR ""single-domain antibody""[Title/Abstract] OR ""scFv""[Title/Abstract] OR ""Fab""[Title/Abstract] OR ""neutralizing antibody""[Title/Abstract])",40490112,Beta-2 microglobulin in lymphoma.,Clinica chimica acta; international journal of clinical chemistry,2025 Aug 15,10.1016/j.cca.2025.120418,Gupta G; Afzal M; Goyal A; PadmaPriya G; Srivastava M; Chennakesavulu K; et al.,PMID:40490112,Beta-2 microglobulin in lymphoma. | Clinica chimica acta; international journal of clinical chemistry | 2025 Aug 15,https://pubmed.ncbi.nlm.nih.gov/40490112/
Beta-2-microglobulin,"(""Beta-2-microglobulin""[Title/Abstract] OR ""Beta-2-microglobulin""[MeSH Terms]) AND (""antibody""[Title/Abstract] OR ""antibodies""[Title/Abstract] OR ""nanobody""[Title/Abstract] OR ""single-domain antibody""[Title/Abstract] OR ""scFv""[Title/Abstract] OR ""Fab""[Title/Abstract] OR ""neutralizing antibody""[Title/Abstract])",6163192,beta 2-Microglobulin.,Scandinavian journal of clinical and laboratory investigation. Supplementum,1980,,Berggård B; Björck L; Cigén R; Lögdberg L,PMID:6163192,beta 2-Microglobulin. | Scandinavian journal of clinical and laboratory investigation. Supplementum | 1980,https://pubmed.ncbi.nlm.nih.gov/6163192/
Beta-2-microglobulin,"(""Beta-2-microglobulin""[Title/Abstract] OR ""Beta-2-microglobulin""[MeSH Terms]) AND (""antibody""[Title/Abstract] OR ""antibodies""[Title/Abstract] OR ""nanobody""[Title/Abstract] OR ""single-domain antibody""[Title/Abstract] OR ""scFv""[Title/Abstract] OR ""Fab""[Title/Abstract] OR ""neutralizing antibody""[Title/Abstract])",37509158,Design of Beta-2 Microglobulin Adsorbent Protein Nanoparticles.,Biomolecules,2023 Jul 14,10.3390/biom13071122,Miller JE; Castells-Graells R; Arbing MA; Munoz A; Jiang YX; Espinoza CT; et al.,PMID:37509158,Design of Beta-2 Microglobulin Adsorbent Protein Nanoparticles. | Biomolecules | 2023 Jul 14,https://pubmed.ncbi.nlm.nih.gov/37509158/
Beta-2-microglobulin,"(""Beta-2-microglobulin""[Title/Abstract] OR ""Beta-2-microglobulin""[MeSH Terms]) AND (""antibody""[Title/Abstract] OR ""antibodies""[Title/Abstract] OR ""nanobody""[Title/Abstract] OR ""single-domain antibody""[Title/Abstract] OR ""scFv""[Title/Abstract] OR ""Fab""[Title/Abstract] OR ""neutralizing antibody""[Title/Abstract])",8804016,Diagnostic aspects of beta 2-microglobulin amyloidosis.,"Nephrology, dialysis, transplantation : official publication of the European Dialysis and Transplant Association - European Renal Association",1996,10.1093/ndt/11.supp2.144,Schaeffer J; Floege J; Koch KM,PMID:8804016,"Diagnostic aspects of beta 2-microglobulin amyloidosis. | Nephrology, dialysis, transplantation : official publication of the European Dialysis and Transplant Association - European Renal Association | 1996",https://pubmed.ncbi.nlm.nih.gov/8804016/
Beta-2-microglobulin,"(""Beta-2-microglobulin""[Title/Abstract] OR ""Beta-2-microglobulin""[MeSH Terms]) AND (""antibody""[Title/Abstract] OR ""antibodies""[Title/Abstract] OR ""nanobody""[Title/Abstract] OR ""single-domain antibody""[Title/Abstract] OR ""scFv""[Title/Abstract] OR ""Fab""[Title/Abstract] OR ""neutralizing antibody""[Title/Abstract])",11264772,Pathological aspects of beta(2)-microglobulin amyloidosis.,Seminars in dialysis,2001 Mar-Apr,10.1046/j.1525-139x.2001.00037.x,Jadoul M; Garbar C; van Ypersele de Strihou C,PMID:11264772,Pathological aspects of beta(2)-microglobulin amyloidosis. | Seminars in dialysis | 2001 Mar-Apr,https://pubmed.ncbi.nlm.nih.gov/11264772/
CD20,"(""CD20""[Title/Abstract] OR ""CD20""[MeSH Terms]) AND (""antibody""[Title/Abstract] OR ""antibodies""[Title/Abstract] OR ""nanobody""[Title/Abstract] OR ""single-domain antibody""[Title/Abstract] OR ""scFv""[Title/Abstract] OR ""Fab""[Title/Abstract] OR ""neutralizing antibody""[Title/Abstract])",25972002,Anti-CD20/CD3 T cell-dependent bispecific antibody for the treatment of B cell malignancies.,Science translational medicine,2015 May 13,10.1126/scitranslmed.aaa4802,Sun LL; Ellerman D; Mathieu M; Hristopoulos M; Chen X; Li Y; et al.,PMID:25972002,Anti-CD20/CD3 T cell-dependent bispecific antibody for the treatment of B cell malignancies. | Science translational medicine | 2015 May 13,https://pubmed.ncbi.nlm.nih.gov/25972002/
CD20,"(""CD20""[Title/Abstract] OR ""CD20""[MeSH Terms]) AND (""antibody""[Title/Abstract] OR ""antibodies""[Title/Abstract] OR ""nanobody""[Title/Abstract] OR ""single-domain antibody""[Title/Abstract] OR ""scFv""[Title/Abstract] OR ""Fab""[Title/Abstract] OR ""neutralizing antibody""[Title/Abstract])",39977573,Ublituximab.,,2012,,,PMID:39977573,Ublituximab. | 2012,https://pubmed.ncbi.nlm.nih.gov/39977573/
CD20,"(""CD20""[Title/Abstract] OR ""CD20""[MeSH Terms]) AND (""antibody""[Title/Abstract] OR ""antibodies""[Title/Abstract] OR ""nanobody""[Title/Abstract] OR ""single-domain antibody""[Title/Abstract] OR ""scFv""[Title/Abstract] OR ""Fab""[Title/Abstract] OR ""neutralizing antibody""[Title/Abstract])",23211638,Epitope interactions of monoclonal antibodies targeting CD20 and their relationship to functional properties.,mAbs,2013 Jan-Feb,10.4161/mabs.22771,Klein C; Lammens A; Schäfer W; Georges G; Schwaiger M; Mössner E; et al.,PMID:23211638,Epitope interactions of monoclonal antibodies targeting CD20 and their relationship to functional properties. | mAbs | 2013 Jan-Feb,https://pubmed.ncbi.nlm.nih.gov/23211638/
CD20,"(""CD20""[Title/Abstract] OR ""CD20""[MeSH Terms]) AND (""antibody""[Title/Abstract] OR ""antibodies""[Title/Abstract] OR ""nanobody""[Title/Abstract] OR ""single-domain antibody""[Title/Abstract] OR ""scFv""[Title/Abstract] OR ""Fab""[Title/Abstract] OR ""neutralizing antibody""[Title/Abstract])",32079680,Structure of CD20 in complex with the therapeutic monoclonal antibody rituximab.,"Science (New York, N.Y.)",2020 Mar 13,10.1126/science.aaz9356,Rougé L; Chiang N; Steffek M; Kugel C; Croll TI; Tam C; et al.,PMID:32079680,"Structure of CD20 in complex with the therapeutic monoclonal antibody rituximab. | Science (New York, N.Y.) | 2020 Mar 13",https://pubmed.ncbi.nlm.nih.gov/32079680/
CD20,"(""CD20""[Title/Abstract] OR ""CD20""[MeSH Terms]) AND (""antibody""[Title/Abstract] OR ""antibodies""[Title/Abstract] OR ""nanobody""[Title/Abstract] OR ""single-domain antibody""[Title/Abstract] OR ""scFv""[Title/Abstract] OR ""Fab""[Title/Abstract] OR ""neutralizing antibody""[Title/Abstract])",40528731,Combinability of epcoritamab CD20-targeting T-cell engager and CD20 antibody-targeted therapies in B-cell non-Hodgkin lymphoma.,Leukemia & lymphoma,2025 Sep,10.1080/10428194.2025.2504719,Dandamudi DB; Konieczna IM; Calabrese KM; Wielgos-Bonvallet M; Kweekel C; Gresnigt-van den Heuvel E; et al.,PMID:40528731,Combinability of epcoritamab CD20-targeting T-cell engager and CD20 antibody-targeted therapies in B-cell non-Hodgkin lymphoma. | Leukemia & lymphoma | 2025 Sep,https://pubmed.ncbi.nlm.nih.gov/40528731/
CD19,"(""CD19""[Title/Abstract] OR ""CD19""[MeSH Terms]) AND (""antibody""[Title/Abstract] OR ""antibodies""[Title/Abstract] OR ""nanobody""[Title/Abstract] OR ""single-domain antibody""[Title/Abstract] OR ""scFv""[Title/Abstract] OR ""Fab""[Title/Abstract] OR ""neutralizing antibody""[Title/Abstract])",25637431,Alternative molecular formats and therapeutic applications for bispecific antibodies.,Molecular immunology,2015 Oct,10.1016/j.molimm.2015.01.003,Spiess C; Zhai Q; Carter PJ,PMID:25637431,Alternative molecular formats and therapeutic applications for bispecific antibodies. | Molecular immunology | 2015 Oct,https://pubmed.ncbi.nlm.nih.gov/25637431/
CD19,"(""CD19""[Title/Abstract] OR ""CD19""[MeSH Terms]) AND (""antibody""[Title/Abstract] OR ""antibodies""[Title/Abstract] OR ""nanobody""[Title/Abstract] OR ""single-domain antibody""[Title/Abstract] OR ""scFv""[Title/Abstract] OR ""Fab""[Title/Abstract] OR ""neutralizing antibody""[Title/Abstract])",35981465,A novel CD19/CD22/CD3 trispecific antibody enhances therapeutic efficacy and overcomes immune escape against B-ALL.,Blood,2022 Oct 20,10.1182/blood.2022016243,Zhao L; Li S; Wei X; Qi X; Liu D; Liu L; et al.,PMID:35981465,A novel CD19/CD22/CD3 trispecific antibody enhances therapeutic efficacy and overcomes immune escape against B-ALL. | Blood | 2022 Oct 20,https://pubmed.ncbi.nlm.nih.gov/35981465/
CD19,"(""CD19""[Title/Abstract] OR ""CD19""[MeSH Terms]) AND (""antibody""[Title/Abstract] OR ""antibodies""[Title/Abstract] OR ""nanobody""[Title/Abstract] OR ""single-domain antibody""[Title/Abstract] OR ""scFv""[Title/Abstract] OR ""Fab""[Title/Abstract] OR ""neutralizing antibody""[Title/Abstract])",39652779,Anti-CD19 antibody cotreatment enhances serial killing activity of anti-CD19 CAR-T/-NK cells and reduces trogocytosis.,Blood,2025 Feb 27,10.1182/blood.2024025673,Koh SK; Kim H; Han B; Jo H; Doh J; Park J; et al.,PMID:39652779,Anti-CD19 antibody cotreatment enhances serial killing activity of anti-CD19 CAR-T/-NK cells and reduces trogocytosis. | Blood | 2025 Feb 27,https://pubmed.ncbi.nlm.nih.gov/39652779/
CD19,"(""CD19""[Title/Abstract] OR ""CD19""[MeSH Terms]) AND (""antibody""[Title/Abstract] OR ""antibodies""[Title/Abstract] OR ""nanobody""[Title/Abstract] OR ""single-domain antibody""[Title/Abstract] OR ""scFv""[Title/Abstract] OR ""Fab""[Title/Abstract] OR ""neutralizing antibody""[Title/Abstract])",38359115,The lipid globotriaosylceramide promotes germinal center B cell responses and antiviral immunity.,"Science (New York, N.Y.)",2024 Feb 16,10.1126/science.adg0564,Sharma P; Zhang X; Ly K; Zhang Y; Hu Y; Ye AY; et al.,PMID:38359115,"The lipid globotriaosylceramide promotes germinal center B cell responses and antiviral immunity. | Science (New York, N.Y.) | 2024 Feb 16",https://pubmed.ncbi.nlm.nih.gov/38359115/
CD19,"(""CD19""[Title/Abstract] OR ""CD19""[MeSH Terms]) AND (""antibody""[Title/Abstract] OR ""antibodies""[Title/Abstract] OR ""nanobody""[Title/Abstract] OR ""single-domain antibody""[Title/Abstract] OR ""scFv""[Title/Abstract] OR ""Fab""[Title/Abstract] OR ""neutralizing antibody""[Title/Abstract])",38437725,CD19-CD28: an affinity-optimized CD28 agonist for combination with glofitamab (CD20-TCB) as off-the-shelf immunotherapy.,Blood,2024 May 23,10.1182/blood.2023023381,Sam J; Hofer T; Kuettel C; Claus C; Thom J; Herter S; et al.,PMID:38437725,CD19-CD28: an affinity-optimized CD28 agonist for combination with glofitamab (CD20-TCB) as off-the-shelf immunotherapy. | Blood | 2024 May 23,https://pubmed.ncbi.nlm.nih.gov/38437725/
RSV,"(""RSV""[Title/Abstract] OR ""RSV""[MeSH Terms]) AND (""antibody""[Title/Abstract] OR ""antibodies""[Title/Abstract] OR ""nanobody""[Title/Abstract] OR ""single-domain antibody""[Title/Abstract] OR ""scFv""[Title/Abstract] OR ""Fab""[Title/Abstract] OR ""neutralizing antibody""[Title/Abstract])",39350745,RSV Neutralizing Antibodies Following Nirsevimab and Palivizumab Dosing.,Pediatrics,2024 Nov 1,10.1542/peds.2024-067174,Wilkins D; Wählby Hamrén U; Chang Y; Clegg LE; Domachowske J; Englund JA; et al.,PMID:39350745,RSV Neutralizing Antibodies Following Nirsevimab and Palivizumab Dosing. | Pediatrics | 2024 Nov 1,https://pubmed.ncbi.nlm.nih.gov/39350745/
RSV,"(""RSV""[Title/Abstract] OR ""RSV""[MeSH Terms]) AND (""antibody""[Title/Abstract] OR ""antibodies""[Title/Abstract] OR ""nanobody""[Title/Abstract] OR ""single-domain antibody""[Title/Abstract] OR ""scFv""[Title/Abstract] OR ""Fab""[Title/Abstract] OR ""neutralizing antibody""[Title/Abstract])",23618766,Structure of RSV fusion glycoprotein trimer bound to a prefusion-specific neutralizing antibody.,"Science (New York, N.Y.)",2013 May 31,10.1126/science.1234914,McLellan JS; Chen M; Leung S; Graepel KW; Du X; Yang Y; et al.,PMID:23618766,"Structure of RSV fusion glycoprotein trimer bound to a prefusion-specific neutralizing antibody. | Science (New York, N.Y.) | 2013 May 31",https://pubmed.ncbi.nlm.nih.gov/23618766/
RSV,"(""RSV""[Title/Abstract] OR ""RSV""[MeSH Terms]) AND (""antibody""[Title/Abstract] OR ""antibodies""[Title/Abstract] OR ""nanobody""[Title/Abstract] OR ""single-domain antibody""[Title/Abstract] OR ""scFv""[Title/Abstract] OR ""Fab""[Title/Abstract] OR ""neutralizing antibody""[Title/Abstract])",38889247,Humoral Immunogenicity of mRNA-1345 RSV Vaccine in Older Adults.,The Journal of infectious diseases,2024 Nov 15,10.1093/infdis/jiae316,Goswami J; Baqui AH; Doreski PA; Perez Marc G; Jimenez G; Ahmed S; et al.,PMID:38889247,Humoral Immunogenicity of mRNA-1345 RSV Vaccine in Older Adults. | The Journal of infectious diseases | 2024 Nov 15,https://pubmed.ncbi.nlm.nih.gov/38889247/
RSV,"(""RSV""[Title/Abstract] OR ""RSV""[MeSH Terms]) AND (""antibody""[Title/Abstract] OR ""antibodies""[Title/Abstract] OR ""nanobody""[Title/Abstract] OR ""single-domain antibody""[Title/Abstract] OR ""scFv""[Title/Abstract] OR ""Fab""[Title/Abstract] OR ""neutralizing antibody""[Title/Abstract])",39572535,A potent broad-spectrum neutralizing antibody targeting a conserved region of the prefusion RSV F protein.,Nature communications,2024 Nov 21,10.1038/s41467-024-54384-x,Sun Y; Liu L; Qiang H; Sun H; Jiang Y; Ren L; et al.,PMID:39572535,A potent broad-spectrum neutralizing antibody targeting a conserved region of the prefusion RSV F protein. | Nature communications | 2024 Nov 21,https://pubmed.ncbi.nlm.nih.gov/39572535/
RSV,"(""RSV""[Title/Abstract] OR ""RSV""[MeSH Terms]) AND (""antibody""[Title/Abstract] OR ""antibodies""[Title/Abstract] OR ""nanobody""[Title/Abstract] OR ""single-domain antibody""[Title/Abstract] OR ""scFv""[Title/Abstract] OR ""Fab""[Title/Abstract] OR ""neutralizing antibody""[Title/Abstract])",35476650,Prefusion F Protein-Based Respiratory Syncytial Virus Immunization in Pregnancy.,The New England journal of medicine,2022 Apr 28,10.1056/NEJMoa2106062,Simões EAF; Center KJ; Tita ATN; Swanson KA; Radley D; Houghton J; et al.,PMID:35476650,Prefusion F Protein-Based Respiratory Syncytial Virus Immunization in Pregnancy. | The New England journal of medicine | 2022 Apr 28,https://pubmed.ncbi.nlm.nih.gov/35476650/
TNF-alpha,"(""TNF-alpha""[Title/Abstract] OR ""TNF-alpha""[MeSH Terms]) AND (""antibody""[Title/Abstract] OR ""antibodies""[Title/Abstract] OR ""nanobody""[Title/Abstract] OR ""single-domain antibody""[Title/Abstract] OR ""scFv""[Title/Abstract] OR ""Fab""[Title/Abstract] OR ""neutralizing antibody""[Title/Abstract])",27567553,Molecular mechanisms of action of anti-TNF-α agents - Comparison among therapeutic TNF-α antagonists.,Cytokine,2018 Jan,10.1016/j.cyto.2016.08.014,Mitoma H; Horiuchi T; Tsukamoto H; Ueda N,PMID:27567553,Molecular mechanisms of action of anti-TNF-α agents - Comparison among therapeutic TNF-α antagonists. | Cytokine | 2018 Jan,https://pubmed.ncbi.nlm.nih.gov/27567553/
TNF-alpha,"(""TNF-alpha""[Title/Abstract] OR ""TNF-alpha""[MeSH Terms]) AND (""antibody""[Title/Abstract] OR ""antibodies""[Title/Abstract] OR ""nanobody""[Title/Abstract] OR ""single-domain antibody""[Title/Abstract] OR ""scFv""[Title/Abstract] OR ""Fab""[Title/Abstract] OR ""neutralizing antibody""[Title/Abstract])",34646380,TNF-α-dependent neuronal necroptosis regulated in Alzheimer's disease by coordination of RIPK1-p62 complex with autophagic UVRAG.,Theranostics,2021,10.7150/thno.62376,Xu C; Wu J; Wu Y; Ren Z; Yao Y; Chen G; et al.,PMID:34646380,TNF-α-dependent neuronal necroptosis regulated in Alzheimer's disease by coordination of RIPK1-p62 complex with autophagic UVRAG. | Theranostics | 2021,https://pubmed.ncbi.nlm.nih.gov/34646380/
TNF-alpha,"(""TNF-alpha""[Title/Abstract] OR ""TNF-alpha""[MeSH Terms]) AND (""antibody""[Title/Abstract] OR ""antibodies""[Title/Abstract] OR ""nanobody""[Title/Abstract] OR ""single-domain antibody""[Title/Abstract] OR ""scFv""[Title/Abstract] OR ""Fab""[Title/Abstract] OR ""neutralizing antibody""[Title/Abstract])",40502542,Combined TNF-α and OX40L targeting as a new treatment option for hidradenitis suppurativa.,The journal of allergy and clinical immunology. Global,2025 Aug,10.1016/j.jacig.2025.100483,Leeuw T; Šimaitė D; Heyninck K; Levin C; Cornelis S; Hijazi Y; et al.,PMID:40502542,Combined TNF-α and OX40L targeting as a new treatment option for hidradenitis suppurativa. | The journal of allergy and clinical immunology. Global | 2025 Aug,https://pubmed.ncbi.nlm.nih.gov/40502542/
TNF-alpha,"(""TNF-alpha""[Title/Abstract] OR ""TNF-alpha""[MeSH Terms]) AND (""antibody""[Title/Abstract] OR ""antibodies""[Title/Abstract] OR ""nanobody""[Title/Abstract] OR ""single-domain antibody""[Title/Abstract] OR ""scFv""[Title/Abstract] OR ""Fab""[Title/Abstract] OR ""neutralizing antibody""[Title/Abstract])",38840457,Milk-derived extracellular vesicles functionalized with anti-tumour necrosis factor-α nanobody and anti-microbial peptide alleviate ulcerative colitis in mice.,Journal of extracellular vesicles,2024 Jun,10.1002/jev2.12462,Jing R; Zhang L; Li R; Yang Z; Song J; Wang Q; et al.,PMID:38840457,Milk-derived extracellular vesicles functionalized with anti-tumour necrosis factor-α nanobody and anti-microbial peptide alleviate ulcerative colitis in mice. | Journal of extracellular vesicles | 2024 Jun,https://pubmed.ncbi.nlm.nih.gov/38840457/
TNF-alpha,"(""TNF-alpha""[Title/Abstract] OR ""TNF-alpha""[MeSH Terms]) AND (""antibody""[Title/Abstract] OR ""antibodies""[Title/Abstract] OR ""nanobody""[Title/Abstract] OR ""single-domain antibody""[Title/Abstract] OR ""scFv""[Title/Abstract] OR ""Fab""[Title/Abstract] OR ""neutralizing antibody""[Title/Abstract])",37003258,Engineered Escherichia coli for the in situ secretion of therapeutic nanobodies in the gut.,Cell host & microbe,2023 Apr 12,10.1016/j.chom.2023.03.007,Lynch JP; González-Prieto C; Reeves AZ; Bae S; Powale U; Godbole NP; et al.,PMID:37003258,Engineered Escherichia coli for the in situ secretion of therapeutic nanobodies in the gut. | Cell host & microbe | 2023 Apr 12,https://pubmed.ncbi.nlm.nih.gov/37003258/
PD-L1,"(""PD-L1""[Title/Abstract] OR ""PD-L1""[MeSH Terms]) AND (""antibody""[Title/Abstract] OR ""antibodies""[Title/Abstract] OR ""nanobody""[Title/Abstract] OR ""single-domain antibody""[Title/Abstract] OR ""scFv""[Title/Abstract] OR ""Fab""[Title/Abstract] OR ""neutralizing antibody""[Title/Abstract])",34925354,A Novel Bispecific Antibody Targeting PD-L1 and VEGF With Combined Anti-Tumor Activities.,Frontiers in immunology,2021,10.3389/fimmu.2021.778978,Cui X; Jia H; Xin H; Zhang L; Chen S; Xia S; et al.,PMID:34925354,A Novel Bispecific Antibody Targeting PD-L1 and VEGF With Combined Anti-Tumor Activities. | Frontiers in immunology | 2021,https://pubmed.ncbi.nlm.nih.gov/34925354/
PD-L1,"(""PD-L1""[Title/Abstract] OR ""PD-L1""[MeSH Terms]) AND (""antibody""[Title/Abstract] OR ""antibodies""[Title/Abstract] OR ""nanobody""[Title/Abstract] OR ""single-domain antibody""[Title/Abstract] OR ""scFv""[Title/Abstract] OR ""Fab""[Title/Abstract] OR ""neutralizing antibody""[Title/Abstract])",39357981,Novel bispecific antibody-drug conjugate targeting PD-L1 and B7-H3 enhances antitumor efficacy and promotes immune-mediated antitumor responses.,Journal for immunotherapy of cancer,2024 Oct 2,10.1136/jitc-2024-009710,Dong Y; Zhang Z; Luan S; Zheng M; Wang Z; Chen Y; et al.,PMID:39357981,Novel bispecific antibody-drug conjugate targeting PD-L1 and B7-H3 enhances antitumor efficacy and promotes immune-mediated antitumor responses. | Journal for immunotherapy of cancer | 2024 Oct 2,https://pubmed.ncbi.nlm.nih.gov/39357981/
PD-L1,"(""PD-L1""[Title/Abstract] OR ""PD-L1""[MeSH Terms]) AND (""antibody""[Title/Abstract] OR ""antibodies""[Title/Abstract] OR ""nanobody""[Title/Abstract] OR ""single-domain antibody""[Title/Abstract] OR ""scFv""[Title/Abstract] OR ""Fab""[Title/Abstract] OR ""neutralizing antibody""[Title/Abstract])",34596400,Covalently Engineered Nanobody Chimeras for Targeted Membrane Protein Degradation.,Journal of the American Chemical Society,2021 Oct 13,10.1021/jacs.1c08521,Zhang H; Han Y; Yang Y; Lin F; Li K; Kong L; et al.,PMID:34596400,Covalently Engineered Nanobody Chimeras for Targeted Membrane Protein Degradation. | Journal of the American Chemical Society | 2021 Oct 13,https://pubmed.ncbi.nlm.nih.gov/34596400/
PD-L1,"(""PD-L1""[Title/Abstract] OR ""PD-L1""[MeSH Terms]) AND (""antibody""[Title/Abstract] OR ""antibodies""[Title/Abstract] OR ""nanobody""[Title/Abstract] OR ""single-domain antibody""[Title/Abstract] OR ""scFv""[Title/Abstract] OR ""Fab""[Title/Abstract] OR ""neutralizing antibody""[Title/Abstract])",38093583,"Subcutaneous Administration of Monoclonal Antibodies: Pharmacology, Delivery, Immunogenicity, and Learnings From Applications to Clinical Development.",Clinical pharmacology and therapeutics,2024 Mar,10.1002/cpt.3150,Davis JD; Bravo Padros M; Conrado DJ; Ganguly S; Guan X; Hassan HE; et al.,PMID:38093583,"Subcutaneous Administration of Monoclonal Antibodies: Pharmacology, Delivery, Immunogenicity, and Learnings From Applications to Clinical Development. | Clinical pharmacology and therapeutics | 2024 Mar",https://pubmed.ncbi.nlm.nih.gov/38093583/
PD-L1,"(""PD-L1""[Title/Abstract] OR ""PD-L1""[MeSH Terms]) AND (""antibody""[Title/Abstract] OR ""antibodies""[Title/Abstract] OR ""nanobody""[Title/Abstract] OR ""single-domain antibody""[Title/Abstract] OR ""scFv""[Title/Abstract] OR ""Fab""[Title/Abstract] OR ""neutralizing antibody""[Title/Abstract])",30290143,Immune Checkpoint Inhibition Overcomes ADCP-Induced Immunosuppression by Macrophages.,Cell,2018 Oct 4,10.1016/j.cell.2018.09.007,Su S; Zhao J; Xing Y; Zhang X; Liu J; Ouyang Q; et al.,PMID:30290143,Immune Checkpoint Inhibition Overcomes ADCP-Induced Immunosuppression by Macrophages. | Cell | 2018 Oct 4,https://pubmed.ncbi.nlm.nih.gov/30290143/
CD3,"(""CD3""[Title/Abstract] OR ""CD3""[MeSH Terms]) AND (""antibody""[Title/Abstract] OR ""antibodies""[Title/Abstract] OR ""nanobody""[Title/Abstract] OR ""single-domain antibody""[Title/Abstract] OR ""scFv""[Title/Abstract] OR ""Fab""[Title/Abstract] OR ""neutralizing antibody""[Title/Abstract])",38558120,Engineering CD3/CD137 Dual Specificity into a DLL3-Targeted T-Cell Engager Enhances T-Cell Infiltration and Efficacy against Small-Cell Lung Cancer.,Cancer immunology research,2024 Jun 4,10.1158/2326-6066.CIR-23-0638,Mikami H; Feng S; Matsuda Y; Ishii S; Naoi S; Azuma Y; et al.,PMID:38558120,Engineering CD3/CD137 Dual Specificity into a DLL3-Targeted T-Cell Engager Enhances T-Cell Infiltration and Efficacy against Small-Cell Lung Cancer. | Cancer immunology research | 2024 Jun 4,https://pubmed.ncbi.nlm.nih.gov/38558120/
CD3,"(""CD3""[Title/Abstract] OR ""CD3""[MeSH Terms]) AND (""antibody""[Title/Abstract] OR ""antibodies""[Title/Abstract] OR ""nanobody""[Title/Abstract] OR ""single-domain antibody""[Title/Abstract] OR ""scFv""[Title/Abstract] OR ""Fab""[Title/Abstract] OR ""neutralizing antibody""[Title/Abstract])",25637431,Alternative molecular formats and therapeutic applications for bispecific antibodies.,Molecular immunology,2015 Oct,10.1016/j.molimm.2015.01.003,Spiess C; Zhai Q; Carter PJ,PMID:25637431,Alternative molecular formats and therapeutic applications for bispecific antibodies. | Molecular immunology | 2015 Oct,https://pubmed.ncbi.nlm.nih.gov/25637431/
CD3,"(""CD3""[Title/Abstract] OR ""CD3""[MeSH Terms]) AND (""antibody""[Title/Abstract] OR ""antibodies""[Title/Abstract] OR ""nanobody""[Title/Abstract] OR ""single-domain antibody""[Title/Abstract] OR ""scFv""[Title/Abstract] OR ""Fab""[Title/Abstract] OR ""neutralizing antibody""[Title/Abstract])",31884389,Evaluation the potential of recombinant anti-CD3 nanobody on immunomodulatory function.,Molecular immunology,2020 Feb,10.1016/j.molimm.2019.12.017,Moradi-Kalbolandi S; Sharifi-K A; Darvishi B; Majidzadeh-A K; Jalili N; Sadeghi S; et al.,PMID:31884389,Evaluation the potential of recombinant anti-CD3 nanobody on immunomodulatory function. | Molecular immunology | 2020 Feb,https://pubmed.ncbi.nlm.nih.gov/31884389/
CD3,"(""CD3""[Title/Abstract] OR ""CD3""[MeSH Terms]) AND (""antibody""[Title/Abstract] OR ""antibodies""[Title/Abstract] OR ""nanobody""[Title/Abstract] OR ""single-domain antibody""[Title/Abstract] OR ""scFv""[Title/Abstract] OR ""Fab""[Title/Abstract] OR ""neutralizing antibody""[Title/Abstract])",36991534,Structure-based engineering of a novel CD3ε-targeting antibody for reduced polyreactivity.,mAbs,2023 Jan-Dec,10.1080/19420862.2023.2189974,Liu CY; Ahonen CL; Brown ME; Zhou L; Welin M; Krauland EM; et al.,PMID:36991534,Structure-based engineering of a novel CD3ε-targeting antibody for reduced polyreactivity. | mAbs | 2023 Jan-Dec,https://pubmed.ncbi.nlm.nih.gov/36991534/
CD3,"(""CD3""[Title/Abstract] OR ""CD3""[MeSH Terms]) AND (""antibody""[Title/Abstract] OR ""antibodies""[Title/Abstract] OR ""nanobody""[Title/Abstract] OR ""single-domain antibody""[Title/Abstract] OR ""scFv""[Title/Abstract] OR ""Fab""[Title/Abstract] OR ""neutralizing antibody""[Title/Abstract])",23479652,Efficient generation of stable bispecific IgG1 by controlled Fab-arm exchange.,Proceedings of the National Academy of Sciences of the United States of America,2013 Mar 26,10.1073/pnas.1220145110,Labrijn AF; Meesters JI; de Goeij BE; van den Bremer ET; Neijssen J; van Kampen MD; et al.,PMID:23479652,Efficient generation of stable bispecific IgG1 by controlled Fab-arm exchange. | Proceedings of the National Academy of Sciences of the United States of America | 2013 Mar 26,https://pubmed.ncbi.nlm.nih.gov/23479652/
PD-1,"(""PD-1""[Title/Abstract] OR ""PD-1""[MeSH Terms]) AND (""antibody""[Title/Abstract] OR ""antibodies""[Title/Abstract] OR ""nanobody""[Title/Abstract] OR ""single-domain antibody""[Title/Abstract] OR ""scFv""[Title/Abstract] OR ""Fab""[Title/Abstract] OR ""neutralizing antibody""[Title/Abstract])",34925354,A Novel Bispecific Antibody Targeting PD-L1 and VEGF With Combined Anti-Tumor Activities.,Frontiers in immunology,2021,10.3389/fimmu.2021.778978,Cui X; Jia H; Xin H; Zhang L; Chen S; Xia S; et al.,PMID:34925354,A Novel Bispecific Antibody Targeting PD-L1 and VEGF With Combined Anti-Tumor Activities. | Frontiers in immunology | 2021,https://pubmed.ncbi.nlm.nih.gov/34925354/
PD-1,"(""PD-1""[Title/Abstract] OR ""PD-1""[MeSH Terms]) AND (""antibody""[Title/Abstract] OR ""antibodies""[Title/Abstract] OR ""nanobody""[Title/Abstract] OR ""single-domain antibody""[Title/Abstract] OR ""scFv""[Title/Abstract] OR ""Fab""[Title/Abstract] OR ""neutralizing antibody""[Title/Abstract])",36638191,Anti-PD-1 antibodies recognizing the membrane-proximal region are PD-1 agonists that can down-regulate inflammatory diseases.,Science immunology,2023 Jan 13,10.1126/sciimmunol.add4947,Suzuki K; Tajima M; Tokumaru Y; Oshiro Y; Nagata S; Kamada H; et al.,PMID:36638191,Anti-PD-1 antibodies recognizing the membrane-proximal region are PD-1 agonists that can down-regulate inflammatory diseases. | Science immunology | 2023 Jan 13,https://pubmed.ncbi.nlm.nih.gov/36638191/
PD-1,"(""PD-1""[Title/Abstract] OR ""PD-1""[MeSH Terms]) AND (""antibody""[Title/Abstract] OR ""antibodies""[Title/Abstract] OR ""nanobody""[Title/Abstract] OR ""single-domain antibody""[Title/Abstract] OR ""scFv""[Title/Abstract] OR ""Fab""[Title/Abstract] OR ""neutralizing antibody""[Title/Abstract])",38093583,"Subcutaneous Administration of Monoclonal Antibodies: Pharmacology, Delivery, Immunogenicity, and Learnings From Applications to Clinical Development.",Clinical pharmacology and therapeutics,2024 Mar,10.1002/cpt.3150,Davis JD; Bravo Padros M; Conrado DJ; Ganguly S; Guan X; Hassan HE; et al.,PMID:38093583,"Subcutaneous Administration of Monoclonal Antibodies: Pharmacology, Delivery, Immunogenicity, and Learnings From Applications to Clinical Development. | Clinical pharmacology and therapeutics | 2024 Mar",https://pubmed.ncbi.nlm.nih.gov/38093583/
PD-1,"(""PD-1""[Title/Abstract] OR ""PD-1""[MeSH Terms]) AND (""antibody""[Title/Abstract] OR ""antibodies""[Title/Abstract] OR ""nanobody""[Title/Abstract] OR ""single-domain antibody""[Title/Abstract] OR ""scFv""[Title/Abstract] OR ""Fab""[Title/Abstract] OR ""neutralizing antibody""[Title/Abstract])",36725933,Reducing affinity as a strategy to boost immunomodulatory antibody agonism.,Nature,2023 Feb,10.1038/s41586-022-05673-2,Yu X; Orr CM; Chan HTC; James S; Penfold CA; Kim J; et al.,PMID:36725933,Reducing affinity as a strategy to boost immunomodulatory antibody agonism. | Nature | 2023 Feb,https://pubmed.ncbi.nlm.nih.gov/36725933/
PD-1,"(""PD-1""[Title/Abstract] OR ""PD-1""[MeSH Terms]) AND (""antibody""[Title/Abstract] OR ""antibodies""[Title/Abstract] OR ""nanobody""[Title/Abstract] OR ""single-domain antibody""[Title/Abstract] OR ""scFv""[Title/Abstract] OR ""Fab""[Title/Abstract] OR ""neutralizing antibody""[Title/Abstract])",40500332,Potentiating cancer immunotherapies with modular albumin-hitchhiking nanobody-STING agonist conjugates.,Nature biomedical engineering,2025 Oct,10.1038/s41551-025-01400-0,Kimmel BR; Arora K; Chada NC; Bharti V; Kwiatkowski AJ; Finkelstein JE; et al.,PMID:40500332,Potentiating cancer immunotherapies with modular albumin-hitchhiking nanobody-STING agonist conjugates. | Nature biomedical engineering | 2025 Oct,https://pubmed.ncbi.nlm.nih.gov/40500332/
RBX1,"(""RBX1""[Title/Abstract] OR ""RBX1""[MeSH Terms]) AND (""antibody""[Title/Abstract] OR ""antibodies""[Title/Abstract] OR ""nanobody""[Title/Abstract] OR ""single-domain antibody""[Title/Abstract] OR ""scFv""[Title/Abstract] OR ""Fab""[Title/Abstract] OR ""neutralizing antibody""[Title/Abstract])",32299816,A20 and RBX1 Regulate Brentuximab Vedotin Sensitivity in Hodgkin Lymphoma Models.,Clinical cancer research : an official journal of the American Association for Cancer Research,2020 Aug 1,10.1158/1078-0432.CCR-19-4137,Wei W; Lin Y; Song Z; Xiao W; Chen L; Yin J; et al.,PMID:32299816,A20 and RBX1 Regulate Brentuximab Vedotin Sensitivity in Hodgkin Lymphoma Models. | Clinical cancer research : an official journal of the American Association for Cancer Research | 2020 Aug 1,https://pubmed.ncbi.nlm.nih.gov/32299816/
RBX1,"(""RBX1""[Title/Abstract] OR ""RBX1""[MeSH Terms]) AND (""antibody""[Title/Abstract] OR ""antibodies""[Title/Abstract] OR ""nanobody""[Title/Abstract] OR ""single-domain antibody""[Title/Abstract] OR ""scFv""[Title/Abstract] OR ""Fab""[Title/Abstract] OR ""neutralizing antibody""[Title/Abstract])",18287534,FBXO25-associated nuclear domains: a novel subnuclear structure.,Molecular biology of the cell,2008 May,10.1091/mbc.e07-08-0815,Manfiolli AO; Maragno AL; Baqui MM; Yokoo S; Teixeira FR; Oliveira EB; et al.,PMID:18287534,FBXO25-associated nuclear domains: a novel subnuclear structure. | Molecular biology of the cell | 2008 May,https://pubmed.ncbi.nlm.nih.gov/18287534/
RBX1,"(""RBX1""[Title/Abstract] OR ""RBX1""[MeSH Terms]) AND (""antibody""[Title/Abstract] OR ""antibodies""[Title/Abstract] OR ""nanobody""[Title/Abstract] OR ""single-domain antibody""[Title/Abstract] OR ""scFv""[Title/Abstract] OR ""Fab""[Title/Abstract] OR ""neutralizing antibody""[Title/Abstract])",22822056,Endoplasmic reticulum stress induces a caspase-dependent N-terminal cleavage of RBX1 protein in B cells.,The Journal of biological chemistry,2012 Sep 7,10.1074/jbc.M111.314583,Shteingart S; Hadar R; Cohen I; Ravid T; Tirosh B,PMID:22822056,Endoplasmic reticulum stress induces a caspase-dependent N-terminal cleavage of RBX1 protein in B cells. | The Journal of biological chemistry | 2012 Sep 7,https://pubmed.ncbi.nlm.nih.gov/22822056/
RBX1,"(""RBX1""[Title/Abstract] OR ""RBX1""[MeSH Terms]) AND (""antibody""[Title/Abstract] OR ""antibodies""[Title/Abstract] OR ""nanobody""[Title/Abstract] OR ""single-domain antibody""[Title/Abstract] OR ""scFv""[Title/Abstract] OR ""Fab""[Title/Abstract] OR ""neutralizing antibody""[Title/Abstract])",30349055,Heterozygous deletion of chromosome 17p renders prostate cancer vulnerable to inhibition of RNA polymerase II.,Nature communications,2018 Oct 22,10.1038/s41467-018-06811-z,Li Y; Liu Y; Xu H; Jiang G; Van der Jeught K; Fang Y; et al.,PMID:30349055,Heterozygous deletion of chromosome 17p renders prostate cancer vulnerable to inhibition of RNA polymerase II. | Nature communications | 2018 Oct 22,https://pubmed.ncbi.nlm.nih.gov/30349055/
RBX1,"(""RBX1""[Title/Abstract] OR ""RBX1""[MeSH Terms]) AND (""antibody""[Title/Abstract] OR ""antibodies""[Title/Abstract] OR ""nanobody""[Title/Abstract] OR ""single-domain antibody""[Title/Abstract] OR ""scFv""[Title/Abstract] OR ""Fab""[Title/Abstract] OR ""neutralizing antibody""[Title/Abstract])",18203720,"Diversity in tissue expression, substrate binding, and SCF complex formation for a lectin family of ubiquitin ligases.",The Journal of biological chemistry,2008 May 9,10.1074/jbc.M709508200,Glenn KA; Nelson RF; Wen HM; Mallinger AJ; Paulson HL,PMID:18203720,"Diversity in tissue expression, substrate binding, and SCF complex formation for a lectin family of ubiquitin ligases. | The Journal of biological chemistry | 2008 May 9",https://pubmed.ncbi.nlm.nih.gov/18203720/
CTLA-4,"(""CTLA-4""[Title/Abstract] OR ""CTLA-4""[MeSH Terms]) AND (""antibody""[Title/Abstract] OR ""antibodies""[Title/Abstract] OR ""nanobody""[Title/Abstract] OR ""single-domain antibody""[Title/Abstract] OR ""scFv""[Title/Abstract] OR ""Fab""[Title/Abstract] OR ""neutralizing antibody""[Title/Abstract])",8596936,Enhancement of antitumor immunity by CTLA-4 blockade.,"Science (New York, N.Y.)",1996 Mar 22,10.1126/science.271.5256.1734,Leach DR; Krummel MF; Allison JP,PMID:8596936,"Enhancement of antitumor immunity by CTLA-4 blockade. | Science (New York, N.Y.) | 1996 Mar 22",https://pubmed.ncbi.nlm.nih.gov/8596936/
CTLA-4,"(""CTLA-4""[Title/Abstract] OR ""CTLA-4""[MeSH Terms]) AND (""antibody""[Title/Abstract] OR ""antibodies""[Title/Abstract] OR ""nanobody""[Title/Abstract] OR ""single-domain antibody""[Title/Abstract] OR ""scFv""[Title/Abstract] OR ""Fab""[Title/Abstract] OR ""neutralizing antibody""[Title/Abstract])",26874776,Management of toxicities of immune checkpoint inhibitors.,Cancer treatment reviews,2016 Mar,10.1016/j.ctrv.2016.02.001,Spain L; Diem S; Larkin J,PMID:26874776,Management of toxicities of immune checkpoint inhibitors. | Cancer treatment reviews | 2016 Mar,https://pubmed.ncbi.nlm.nih.gov/26874776/
CTLA-4,"(""CTLA-4""[Title/Abstract] OR ""CTLA-4""[MeSH Terms]) AND (""antibody""[Title/Abstract] OR ""antibodies""[Title/Abstract] OR ""nanobody""[Title/Abstract] OR ""single-domain antibody""[Title/Abstract] OR ""scFv""[Title/Abstract] OR ""Fab""[Title/Abstract] OR ""neutralizing antibody""[Title/Abstract])",26541610,Anticancer immunotherapy by CTLA-4 blockade relies on the gut microbiota.,"Science (New York, N.Y.)",2015 Nov 27,10.1126/science.aad1329,Vétizou M; Pitt JM; Daillère R; Lepage P; Waldschmitt N; Flament C; et al.,PMID:26541610,"Anticancer immunotherapy by CTLA-4 blockade relies on the gut microbiota. | Science (New York, N.Y.) | 2015 Nov 27",https://pubmed.ncbi.nlm.nih.gov/26541610/
CTLA-4,"(""CTLA-4""[Title/Abstract] OR ""CTLA-4""[MeSH Terms]) AND (""antibody""[Title/Abstract] OR ""antibodies""[Title/Abstract] OR ""nanobody""[Title/Abstract] OR ""single-domain antibody""[Title/Abstract] OR ""scFv""[Title/Abstract] OR ""Fab""[Title/Abstract] OR ""neutralizing antibody""[Title/Abstract])",29999647,Ipilimumab.,,2006,,,PMID:29999647,Ipilimumab. | 2006,https://pubmed.ncbi.nlm.nih.gov/29999647/
CTLA-4,"(""CTLA-4""[Title/Abstract] OR ""CTLA-4""[MeSH Terms]) AND (""antibody""[Title/Abstract] OR ""antibodies""[Title/Abstract] OR ""nanobody""[Title/Abstract] OR ""single-domain antibody""[Title/Abstract] OR ""scFv""[Title/Abstract] OR ""Fab""[Title/Abstract] OR ""neutralizing antibody""[Title/Abstract])",29576375,Fc Effector Function Contributes to the Activity of Human Anti-CTLA-4 Antibodies.,Cancer cell,2018 Apr 9,10.1016/j.ccell.2018.02.010,Arce Vargas F; Furness AJS; Litchfield K; Joshi K; Rosenthal R; Ghorani E; et al.,PMID:29576375,Fc Effector Function Contributes to the Activity of Human Anti-CTLA-4 Antibodies. | Cancer cell | 2018 Apr 9,https://pubmed.ncbi.nlm.nih.gov/29576375/
Beta-arrestin-1,"(""Beta-arrestin-1""[Title/Abstract] OR ""Beta-arrestin-1""[MeSH Terms]) AND (""antibody""[Title/Abstract] OR ""antibodies""[Title/Abstract] OR ""nanobody""[Title/Abstract] OR ""single-domain antibody""[Title/Abstract] OR ""scFv""[Title/Abstract] OR ""Fab""[Title/Abstract] OR ""neutralizing antibody""[Title/Abstract])",36742308,A review of TSHR- and IGF-1R-related pathogenesis and treatment of Graves' orbitopathy.,Frontiers in immunology,2023,10.3389/fimmu.2023.1062045,Cui X; Wang F; Liu C,PMID:36742308,A review of TSHR- and IGF-1R-related pathogenesis and treatment of Graves' orbitopathy. | Frontiers in immunology | 2023,https://pubmed.ncbi.nlm.nih.gov/36742308/
Beta-arrestin-1,"(""Beta-arrestin-1""[Title/Abstract] OR ""Beta-arrestin-1""[MeSH Terms]) AND (""antibody""[Title/Abstract] OR ""antibodies""[Title/Abstract] OR ""nanobody""[Title/Abstract] OR ""single-domain antibody""[Title/Abstract] OR ""scFv""[Title/Abstract] OR ""Fab""[Title/Abstract] OR ""neutralizing antibody""[Title/Abstract])",32555462,Molecular basis of β-arrestin coupling to formoterol-bound β(1)-adrenoceptor.,Nature,2020 Jul,10.1038/s41586-020-2419-1,Lee Y; Warne T; Nehmé R; Pandey S; Dwivedi-Agnihotri H; Chaturvedi M; et al.,PMID:32555462,Molecular basis of β-arrestin coupling to formoterol-bound β(1)-adrenoceptor. | Nature | 2020 Jul,https://pubmed.ncbi.nlm.nih.gov/32555462/
Beta-arrestin-1,"(""Beta-arrestin-1""[Title/Abstract] OR ""Beta-arrestin-1""[MeSH Terms]) AND (""antibody""[Title/Abstract] OR ""antibodies""[Title/Abstract] OR ""nanobody""[Title/Abstract] OR ""single-domain antibody""[Title/Abstract] OR ""scFv""[Title/Abstract] OR ""Fab""[Title/Abstract] OR ""neutralizing antibody""[Title/Abstract])",34788857,Inhibition of TSH/IGF-1 Receptor Crosstalk by Teprotumumab as a Treatment Modality of Thyroid Eye Disease.,The Journal of clinical endocrinology and metabolism,2022 Mar 24,10.1210/clinem/dgab824,Krieger CC; Sui X; Kahaly GJ; Neumann S; Gershengorn MC,PMID:34788857,Inhibition of TSH/IGF-1 Receptor Crosstalk by Teprotumumab as a Treatment Modality of Thyroid Eye Disease. | The Journal of clinical endocrinology and metabolism | 2022 Mar 24,https://pubmed.ncbi.nlm.nih.gov/34788857/
Beta-arrestin-1,"(""Beta-arrestin-1""[Title/Abstract] OR ""Beta-arrestin-1""[MeSH Terms]) AND (""antibody""[Title/Abstract] OR ""antibodies""[Title/Abstract] OR ""nanobody""[Title/Abstract] OR ""single-domain antibody""[Title/Abstract] OR ""scFv""[Title/Abstract] OR ""Fab""[Title/Abstract] OR ""neutralizing antibody""[Title/Abstract])",32362341,Arresting Developments in Biased Signaling.,Trends in pharmacological sciences,2020 Jun,10.1016/j.tips.2020.04.003,Yoo SM; Bhardwaj A; Benovic JL,PMID:32362341,Arresting Developments in Biased Signaling. | Trends in pharmacological sciences | 2020 Jun,https://pubmed.ncbi.nlm.nih.gov/32362341/
Beta-arrestin-1,"(""Beta-arrestin-1""[Title/Abstract] OR ""Beta-arrestin-1""[MeSH Terms]) AND (""antibody""[Title/Abstract] OR ""antibodies""[Title/Abstract] OR ""nanobody""[Title/Abstract] OR ""single-domain antibody""[Title/Abstract] OR ""scFv""[Title/Abstract] OR ""Fab""[Title/Abstract] OR ""neutralizing antibody""[Title/Abstract])",23604254,Structure of active β-arrestin-1 bound to a G-protein-coupled receptor phosphopeptide.,Nature,2013 May 2,10.1038/nature12120,Shukla AK; Manglik A; Kruse AC; Xiao K; Reis RI; Tseng WC; et al.,PMID:23604254,Structure of active β-arrestin-1 bound to a G-protein-coupled receptor phosphopeptide. | Nature | 2013 May 2,https://pubmed.ncbi.nlm.nih.gov/23604254/
Human serum albumin,"(""Human serum albumin""[Title/Abstract] OR ""Human serum albumin""[MeSH Terms]) AND (""antibody""[Title/Abstract] OR ""antibodies""[Title/Abstract] OR ""nanobody""[Title/Abstract] OR ""single-domain antibody""[Title/Abstract] OR ""scFv""[Title/Abstract] OR ""Fab""[Title/Abstract] OR ""neutralizing antibody""[Title/Abstract])",23026637,"Fusion protein linkers: property, design and functionality.",Advanced drug delivery reviews,2013 Oct,10.1016/j.addr.2012.09.039,Chen X; Zaro JL; Shen WC,PMID:23026637,"Fusion protein linkers: property, design and functionality. | Advanced drug delivery reviews | 2013 Oct",https://pubmed.ncbi.nlm.nih.gov/23026637/
Human serum albumin,"(""Human serum albumin""[Title/Abstract] OR ""Human serum albumin""[MeSH Terms]) AND (""antibody""[Title/Abstract] OR ""antibodies""[Title/Abstract] OR ""nanobody""[Title/Abstract] OR ""single-domain antibody""[Title/Abstract] OR ""scFv""[Title/Abstract] OR ""Fab""[Title/Abstract] OR ""neutralizing antibody""[Title/Abstract])",37431762,Ozoralizumab: first Nanobody® therapeutic for rheumatoid arthritis.,Expert opinion on biological therapy,2023 Jul-Dec,10.1080/14712598.2023.2231344,Tanaka Y,PMID:37431762,Ozoralizumab: first Nanobody® therapeutic for rheumatoid arthritis. | Expert opinion on biological therapy | 2023 Jul-Dec,https://pubmed.ncbi.nlm.nih.gov/37431762/
Human serum albumin,"(""Human serum albumin""[Title/Abstract] OR ""Human serum albumin""[MeSH Terms]) AND (""antibody""[Title/Abstract] OR ""antibodies""[Title/Abstract] OR ""nanobody""[Title/Abstract] OR ""single-domain antibody""[Title/Abstract] OR ""scFv""[Title/Abstract] OR ""Fab""[Title/Abstract] OR ""neutralizing antibody""[Title/Abstract])",37932752,TROP2-directed nanobody-drug conjugate elicited potent antitumor effect in pancreatic cancer.,Journal of nanobiotechnology,2023 Nov 6,10.1186/s12951-023-02183-9,Xu C; Zhu M; Wang Q; Cui J; Huang Y; Huang X; et al.,PMID:37932752,TROP2-directed nanobody-drug conjugate elicited potent antitumor effect in pancreatic cancer. | Journal of nanobiotechnology | 2023 Nov 6,https://pubmed.ncbi.nlm.nih.gov/37932752/
Human serum albumin,"(""Human serum albumin""[Title/Abstract] OR ""Human serum albumin""[MeSH Terms]) AND (""antibody""[Title/Abstract] OR ""antibodies""[Title/Abstract] OR ""nanobody""[Title/Abstract] OR ""single-domain antibody""[Title/Abstract] OR ""scFv""[Title/Abstract] OR ""Fab""[Title/Abstract] OR ""neutralizing antibody""[Title/Abstract])",23811341,Serum albumins-unusual allergens.,Biochimica et biophysica acta,2013 Dec,10.1016/j.bbagen.2013.06.016,Chruszcz M; Mikolajczak K; Mank N; Majorek KA; Porebski PJ; Minor W,PMID:23811341,Serum albumins-unusual allergens. | Biochimica et biophysica acta | 2013 Dec,https://pubmed.ncbi.nlm.nih.gov/23811341/
Human serum albumin,"(""Human serum albumin""[Title/Abstract] OR ""Human serum albumin""[MeSH Terms]) AND (""antibody""[Title/Abstract] OR ""antibodies""[Title/Abstract] OR ""nanobody""[Title/Abstract] OR ""single-domain antibody""[Title/Abstract] OR ""scFv""[Title/Abstract] OR ""Fab""[Title/Abstract] OR ""neutralizing antibody""[Title/Abstract])",20641268,(125)I-T84.66 scFv-human serum albumin.,,2004,,Leung K,PMID:20641268,(125)I-T84.66 scFv-human serum albumin. | 2004,https://pubmed.ncbi.nlm.nih.gov/20641268/
TIM-3,"(""TIM-3""[Title/Abstract] OR ""TIM-3""[MeSH Terms]) AND (""antibody""[Title/Abstract] OR ""antibodies""[Title/Abstract] OR ""nanobody""[Title/Abstract] OR ""single-domain antibody""[Title/Abstract] OR ""scFv""[Title/Abstract] OR ""Fab""[Title/Abstract] OR ""neutralizing antibody""[Title/Abstract])",37670328,"Targeting LAG-3, TIM-3, and TIGIT for cancer immunotherapy.",Journal of hematology & oncology,2023 Sep 5,10.1186/s13045-023-01499-1,Cai L; Li Y; Tan J; Xu L; Li Y,PMID:37670328,"Targeting LAG-3, TIM-3, and TIGIT for cancer immunotherapy. | Journal of hematology & oncology | 2023 Sep 5",https://pubmed.ncbi.nlm.nih.gov/37670328/
TIM-3,"(""TIM-3""[Title/Abstract] OR ""TIM-3""[MeSH Terms]) AND (""antibody""[Title/Abstract] OR ""antibodies""[Title/Abstract] OR ""nanobody""[Title/Abstract] OR ""single-domain antibody""[Title/Abstract] OR ""scFv""[Title/Abstract] OR ""Fab""[Title/Abstract] OR ""neutralizing antibody""[Title/Abstract])",33996408,Biological drug and drug delivery-mediated immunotherapy.,Acta pharmaceutica Sinica. B,2021 Apr,10.1016/j.apsb.2020.12.018,Xiao Q; Li X; Li Y; Wu Z; Xu C; Chen Z; et al.,PMID:33996408,Biological drug and drug delivery-mediated immunotherapy. | Acta pharmaceutica Sinica. B | 2021 Apr,https://pubmed.ncbi.nlm.nih.gov/33996408/
TIM-3,"(""TIM-3""[Title/Abstract] OR ""TIM-3""[MeSH Terms]) AND (""antibody""[Title/Abstract] OR ""antibodies""[Title/Abstract] OR ""nanobody""[Title/Abstract] OR ""single-domain antibody""[Title/Abstract] OR ""scFv""[Title/Abstract] OR ""Fab""[Title/Abstract] OR ""neutralizing antibody""[Title/Abstract])",38375475,Immune checkpoint inhibitors associated cardiovascular immune-related adverse events.,Frontiers in immunology,2024,10.3389/fimmu.2024.1340373,Jo W; Won T; Daoud A; Čiháková D,PMID:38375475,Immune checkpoint inhibitors associated cardiovascular immune-related adverse events. | Frontiers in immunology | 2024,https://pubmed.ncbi.nlm.nih.gov/38375475/
TIM-3,"(""TIM-3""[Title/Abstract] OR ""TIM-3""[MeSH Terms]) AND (""antibody""[Title/Abstract] OR ""antibodies""[Title/Abstract] OR ""nanobody""[Title/Abstract] OR ""single-domain antibody""[Title/Abstract] OR ""scFv""[Title/Abstract] OR ""Fab""[Title/Abstract] OR ""neutralizing antibody""[Title/Abstract])",31690319,Novel immune checkpoint targets: moving beyond PD-1 and CTLA-4.,Molecular cancer,2019 Nov 6,10.1186/s12943-019-1091-2,Qin S; Xu L; Yi M; Yu S; Wu K; Luo S,PMID:31690319,Novel immune checkpoint targets: moving beyond PD-1 and CTLA-4. | Molecular cancer | 2019 Nov 6,https://pubmed.ncbi.nlm.nih.gov/31690319/
TIM-3,"(""TIM-3""[Title/Abstract] OR ""TIM-3""[MeSH Terms]) AND (""antibody""[Title/Abstract] OR ""antibodies""[Title/Abstract] OR ""nanobody""[Title/Abstract] OR ""single-domain antibody""[Title/Abstract] OR ""scFv""[Title/Abstract] OR ""Fab""[Title/Abstract] OR ""neutralizing antibody""[Title/Abstract])",33168037,Immunosenescence: a key player in cancer development.,Journal of hematology & oncology,2020 Nov 10,10.1186/s13045-020-00986-z,Lian J; Yue Y; Yu W; Zhang Y,PMID:33168037,Immunosenescence: a key player in cancer development. | Journal of hematology & oncology | 2020 Nov 10,https://pubmed.ncbi.nlm.nih.gov/33168037/
IL-7R,"(""IL-7R""[Title/Abstract] OR ""IL-7R""[MeSH Terms]) AND (""antibody""[Title/Abstract] OR ""antibodies""[Title/Abstract] OR ""nanobody""[Title/Abstract] OR ""single-domain antibody""[Title/Abstract] OR ""scFv""[Title/Abstract] OR ""Fab""[Title/Abstract] OR ""neutralizing antibody""[Title/Abstract])",36201890,IL-7: Comprehensive review.,Cytokine,2022 Dec,10.1016/j.cyto.2022.156049,Winer H; Rodrigues GOL; Hixon JA; Aiello FB; Hsu TC; Wachter BT; et al.,PMID:36201890,IL-7: Comprehensive review. | Cytokine | 2022 Dec,https://pubmed.ncbi.nlm.nih.gov/36201890/
IL-7R,"(""IL-7R""[Title/Abstract] OR ""IL-7R""[MeSH Terms]) AND (""antibody""[Title/Abstract] OR ""antibodies""[Title/Abstract] OR ""nanobody""[Title/Abstract] OR ""single-domain antibody""[Title/Abstract] OR ""scFv""[Title/Abstract] OR ""Fab""[Title/Abstract] OR ""neutralizing antibody""[Title/Abstract])",40472844,Preferential tumor targeting of HER2 by iPSC-derived CAR T cells engineered to overcome multiple barriers to solid tumor efficacy.,Cell stem cell,2025 Jul 3,10.1016/j.stem.2025.05.007,Hosking MP; Shirinbak S; Omilusik K; Chandra S; Kaneko MK; Gentile A; et al.,PMID:40472844,Preferential tumor targeting of HER2 by iPSC-derived CAR T cells engineered to overcome multiple barriers to solid tumor efficacy. | Cell stem cell | 2025 Jul 3,https://pubmed.ncbi.nlm.nih.gov/40472844/
IL-7R,"(""IL-7R""[Title/Abstract] OR ""IL-7R""[MeSH Terms]) AND (""antibody""[Title/Abstract] OR ""antibodies""[Title/Abstract] OR ""nanobody""[Title/Abstract] OR ""single-domain antibody""[Title/Abstract] OR ""scFv""[Title/Abstract] OR ""Fab""[Title/Abstract] OR ""neutralizing antibody""[Title/Abstract])",38518105,The IL-7R antagonist lusvertikimab reduces leukemic burden in xenograft ALL via antibody-dependent cellular phagocytosis.,Blood,2024 Jun 27,10.1182/blood.2023021088,Lenk L; Baccelli I; Laqua A; Heymann J; Reimer C; Dietterle A; et al.,PMID:38518105,The IL-7R antagonist lusvertikimab reduces leukemic burden in xenograft ALL via antibody-dependent cellular phagocytosis. | Blood | 2024 Jun 27,https://pubmed.ncbi.nlm.nih.gov/38518105/
IL-7R,"(""IL-7R""[Title/Abstract] OR ""IL-7R""[MeSH Terms]) AND (""antibody""[Title/Abstract] OR ""antibodies""[Title/Abstract] OR ""nanobody""[Title/Abstract] OR ""single-domain antibody""[Title/Abstract] OR ""scFv""[Title/Abstract] OR ""Fab""[Title/Abstract] OR ""neutralizing antibody""[Title/Abstract])",31181267,Antibody therapeutics and immunoregulation in cancer and autoimmune disease.,Seminars in cancer biology,2020 Aug,10.1016/j.semcancer.2019.06.001,Yasunaga M,PMID:31181267,Antibody therapeutics and immunoregulation in cancer and autoimmune disease. | Seminars in cancer biology | 2020 Aug,https://pubmed.ncbi.nlm.nih.gov/31181267/
IL-7R,"(""IL-7R""[Title/Abstract] OR ""IL-7R""[MeSH Terms]) AND (""antibody""[Title/Abstract] OR ""antibodies""[Title/Abstract] OR ""nanobody""[Title/Abstract] OR ""single-domain antibody""[Title/Abstract] OR ""scFv""[Title/Abstract] OR ""Fab""[Title/Abstract] OR ""neutralizing antibody""[Title/Abstract])",40707961,Unraveling Cathepsin S regulation in interleukin-7-mediated anti-tumor immunity reveals its targeting potential against oral cancer.,Journal of biomedical science,2025 Jul 24,10.1186/s12929-025-01154-6,Chang YC; Chen SJ; Chen SH; Hsiao SY; Chen LH; Chen CH; et al.,PMID:40707961,Unraveling Cathepsin S regulation in interleukin-7-mediated anti-tumor immunity reveals its targeting potential against oral cancer. | Journal of biomedical science | 2025 Jul 24,https://pubmed.ncbi.nlm.nih.gov/40707961/
human insulin receptor,"(""human insulin receptor""[Title/Abstract] OR ""human insulin receptor""[MeSH Terms]) AND (""antibody""[Title/Abstract] OR ""antibodies""[Title/Abstract] OR ""nanobody""[Title/Abstract] OR ""single-domain antibody""[Title/Abstract] OR ""scFv""[Title/Abstract] OR ""Fab""[Title/Abstract] OR ""neutralizing antibody""[Title/Abstract])",26933970,Interacting with the Human Insulin Receptor.,"Structure (London, England : 1993)",2016 Mar 1,10.1016/j.str.2016.02.003,Kidmose RT; Andersen GR,PMID:26933970,"Interacting with the Human Insulin Receptor. | Structure (London, England : 1993) | 2016 Mar 1",https://pubmed.ncbi.nlm.nih.gov/26933970/
human insulin receptor,"(""human insulin receptor""[Title/Abstract] OR ""human insulin receptor""[MeSH Terms]) AND (""antibody""[Title/Abstract] OR ""antibodies""[Title/Abstract] OR ""nanobody""[Title/Abstract] OR ""single-domain antibody""[Title/Abstract] OR ""scFv""[Title/Abstract] OR ""Fab""[Title/Abstract] OR ""neutralizing antibody""[Title/Abstract])",41093840,Deep mutational scanning of the human insulin receptor ectodomain to inform precision therapy for insulin resistance.,Nature communications,2025 Oct 15,10.1038/s41467-025-64178-4,Aslanzadeh V; Brierley GV; Kumar R; Çubuk H; Vigouroux C; Matreyek KA; et al.,PMID:41093840,Deep mutational scanning of the human insulin receptor ectodomain to inform precision therapy for insulin resistance. | Nature communications | 2025 Oct 15,https://pubmed.ncbi.nlm.nih.gov/41093840/
human insulin receptor,"(""human insulin receptor""[Title/Abstract] OR ""human insulin receptor""[MeSH Terms]) AND (""antibody""[Title/Abstract] OR ""antibodies""[Title/Abstract] OR ""nanobody""[Title/Abstract] OR ""single-domain antibody""[Title/Abstract] OR ""scFv""[Title/Abstract] OR ""Fab""[Title/Abstract] OR ""neutralizing antibody""[Title/Abstract])",2782405,Human insulin receptor radioimmunoassay: applicability to insulin-resistant states.,The American journal of physiology,1989 Sep,10.1152/ajpendo.1989.257.3.E451,Pezzino V; Papa V; Trischitta V; Brunetti A; Goodman PA; Treutelaar MK; et al.,PMID:2782405,Human insulin receptor radioimmunoassay: applicability to insulin-resistant states. | The American journal of physiology | 1989 Sep,https://pubmed.ncbi.nlm.nih.gov/2782405/
human insulin receptor,"(""human insulin receptor""[Title/Abstract] OR ""human insulin receptor""[MeSH Terms]) AND (""antibody""[Title/Abstract] OR ""antibodies""[Title/Abstract] OR ""nanobody""[Title/Abstract] OR ""single-domain antibody""[Title/Abstract] OR ""scFv""[Title/Abstract] OR ""Fab""[Title/Abstract] OR ""neutralizing antibody""[Title/Abstract])",20064077,Biopharmaceutical drug targeting to the brain.,Journal of drug targeting,2010 Apr,10.3109/10611860903548354,Pardridge WM,PMID:20064077,Biopharmaceutical drug targeting to the brain. | Journal of drug targeting | 2010 Apr,https://pubmed.ncbi.nlm.nih.gov/20064077/
human insulin receptor,"(""human insulin receptor""[Title/Abstract] OR ""human insulin receptor""[MeSH Terms]) AND (""antibody""[Title/Abstract] OR ""antibodies""[Title/Abstract] OR ""nanobody""[Title/Abstract] OR ""single-domain antibody""[Title/Abstract] OR ""scFv""[Title/Abstract] OR ""Fab""[Title/Abstract] OR ""neutralizing antibody""[Title/Abstract])",22230573,Reengineering biopharmaceuticals for targeted delivery across the blood-brain barrier.,Methods in enzymology,2012,10.1016/B978-0-12-396962-0.00011-2,Pardridge WM; Boado RJ,PMID:22230573,Reengineering biopharmaceuticals for targeted delivery across the blood-brain barrier. | Methods in enzymology | 2012,https://pubmed.ncbi.nlm.nih.gov/22230573/
HER2,"(""HER2""[Title/Abstract] OR ""HER2""[MeSH Terms]) AND (""antibody""[Title/Abstract] OR ""antibodies""[Title/Abstract] OR ""nanobody""[Title/Abstract] OR ""single-domain antibody""[Title/Abstract] OR ""scFv""[Title/Abstract] OR ""Fab""[Title/Abstract] OR ""neutralizing antibody""[Title/Abstract])",36360302,Antibody-Drug Conjugates for the Treatment of HER2-Positive Breast Cancer.,Genes,2022 Nov 8,10.3390/genes13112065,Najjar MK; Manore SG; Regua AT; Lo HW,PMID:36360302,Antibody-Drug Conjugates for the Treatment of HER2-Positive Breast Cancer. | Genes | 2022 Nov 8,https://pubmed.ncbi.nlm.nih.gov/36360302/
HER2,"(""HER2""[Title/Abstract] OR ""HER2""[MeSH Terms]) AND (""antibody""[Title/Abstract] OR ""antibodies""[Title/Abstract] OR ""nanobody""[Title/Abstract] OR ""single-domain antibody""[Title/Abstract] OR ""scFv""[Title/Abstract] OR ""Fab""[Title/Abstract] OR ""neutralizing antibody""[Title/Abstract])",9661204,An efficient route to human bispecific IgG.,Nature biotechnology,1998 Jul,10.1038/nbt0798-677,Merchant AM; Zhu Z; Yuan JQ; Goddard A; Adams CW; Presta LG; et al.,PMID:9661204,An efficient route to human bispecific IgG. | Nature biotechnology | 1998 Jul,https://pubmed.ncbi.nlm.nih.gov/9661204/
HER2,"(""HER2""[Title/Abstract] OR ""HER2""[MeSH Terms]) AND (""antibody""[Title/Abstract] OR ""antibodies""[Title/Abstract] OR ""nanobody""[Title/Abstract] OR ""single-domain antibody""[Title/Abstract] OR ""scFv""[Title/Abstract] OR ""Fab""[Title/Abstract] OR ""neutralizing antibody""[Title/Abstract])",23479652,Efficient generation of stable bispecific IgG1 by controlled Fab-arm exchange.,Proceedings of the National Academy of Sciences of the United States of America,2013 Mar 26,10.1073/pnas.1220145110,Labrijn AF; Meesters JI; de Goeij BE; van den Bremer ET; Neijssen J; van Kampen MD; et al.,PMID:23479652,Efficient generation of stable bispecific IgG1 by controlled Fab-arm exchange. | Proceedings of the National Academy of Sciences of the United States of America | 2013 Mar 26,https://pubmed.ncbi.nlm.nih.gov/23479652/
HER2,"(""HER2""[Title/Abstract] OR ""HER2""[MeSH Terms]) AND (""antibody""[Title/Abstract] OR ""antibodies""[Title/Abstract] OR ""nanobody""[Title/Abstract] OR ""single-domain antibody""[Title/Abstract] OR ""scFv""[Title/Abstract] OR ""Fab""[Title/Abstract] OR ""neutralizing antibody""[Title/Abstract])",12610629,Structure of the extracellular region of HER2 alone and in complex with the Herceptin Fab.,Nature,2003 Feb 13,10.1038/nature01392,Cho HS; Mason K; Ramyar KX; Stanley AM; Gabelli SB; Denney DW Jr; et al.,PMID:12610629,Structure of the extracellular region of HER2 alone and in complex with the Herceptin Fab. | Nature | 2003 Feb 13,https://pubmed.ncbi.nlm.nih.gov/12610629/
HER2,"(""HER2""[Title/Abstract] OR ""HER2""[MeSH Terms]) AND (""antibody""[Title/Abstract] OR ""antibodies""[Title/Abstract] OR ""nanobody""[Title/Abstract] OR ""single-domain antibody""[Title/Abstract] OR ""scFv""[Title/Abstract] OR ""Fab""[Title/Abstract] OR ""neutralizing antibody""[Title/Abstract])",20641447,(111)In-Trastuzumab Fab.,,2004,,The MICAD Research Team,PMID:20641447,(111)In-Trastuzumab Fab. | 2004,https://pubmed.ncbi.nlm.nih.gov/20641447/
Lysozyme C,"(""Lysozyme C""[Title/Abstract] OR ""Lysozyme C""[MeSH Terms]) AND (""antibody""[Title/Abstract] OR ""antibodies""[Title/Abstract] OR ""nanobody""[Title/Abstract] OR ""single-domain antibody""[Title/Abstract] OR ""scFv""[Title/Abstract] OR ""Fab""[Title/Abstract] OR ""neutralizing antibody""[Title/Abstract])",18362310,Oral manifestations of Sjögren's syndrome.,Journal of dental research,2008 Apr,10.1177/154405910808700411,Mathews SA; Kurien BT; Scofield RH,PMID:18362310,Oral manifestations of Sjögren's syndrome. | Journal of dental research | 2008 Apr,https://pubmed.ncbi.nlm.nih.gov/18362310/
Lysozyme C,"(""Lysozyme C""[Title/Abstract] OR ""Lysozyme C""[MeSH Terms]) AND (""antibody""[Title/Abstract] OR ""antibodies""[Title/Abstract] OR ""nanobody""[Title/Abstract] OR ""single-domain antibody""[Title/Abstract] OR ""scFv""[Title/Abstract] OR ""Fab""[Title/Abstract] OR ""neutralizing antibody""[Title/Abstract])",34728300,Identification of tear-based protein and non-protein biomarkers: Its application in diagnosis of human diseases using biosensors.,International journal of biological macromolecules,2021 Dec 15,10.1016/j.ijbiomac.2021.10.198,Nandi SK; Singh D; Upadhay J; Gupta N; Dhiman N; Mittal SK; et al.,PMID:34728300,Identification of tear-based protein and non-protein biomarkers: Its application in diagnosis of human diseases using biosensors. | International journal of biological macromolecules | 2021 Dec 15,https://pubmed.ncbi.nlm.nih.gov/34728300/
Lysozyme C,"(""Lysozyme C""[Title/Abstract] OR ""Lysozyme C""[MeSH Terms]) AND (""antibody""[Title/Abstract] OR ""antibodies""[Title/Abstract] OR ""nanobody""[Title/Abstract] OR ""single-domain antibody""[Title/Abstract] OR ""scFv""[Title/Abstract] OR ""Fab""[Title/Abstract] OR ""neutralizing antibody""[Title/Abstract])",29110603,Characterization of Polyethersulfone Membranes for Tear Fluid Collection.,Current molecular medicine,2017 Dec 7,10.2174/1566524017666171101164244,Yang Q; Liu X; Song Z; Lin L; Wu K,PMID:29110603,Characterization of Polyethersulfone Membranes for Tear Fluid Collection. | Current molecular medicine | 2017 Dec 7,https://pubmed.ncbi.nlm.nih.gov/29110603/
Lysozyme C,"(""Lysozyme C""[Title/Abstract] OR ""Lysozyme C""[MeSH Terms]) AND (""antibody""[Title/Abstract] OR ""antibodies""[Title/Abstract] OR ""nanobody""[Title/Abstract] OR ""single-domain antibody""[Title/Abstract] OR ""scFv""[Title/Abstract] OR ""Fab""[Title/Abstract] OR ""neutralizing antibody""[Title/Abstract])",30336012,Single-Site Labeling of Native Proteins Enabled by a Chemoselective and Site-Selective Chemical Technology.,Journal of the American Chemical Society,2018 Nov 7,10.1021/jacs.8b10490,Adusumalli SR; Rawale DG; Singh U; Tripathi P; Paul R; Kalra N; et al.,PMID:30336012,Single-Site Labeling of Native Proteins Enabled by a Chemoselective and Site-Selective Chemical Technology. | Journal of the American Chemical Society | 2018 Nov 7,https://pubmed.ncbi.nlm.nih.gov/30336012/
Lysozyme C,"(""Lysozyme C""[Title/Abstract] OR ""Lysozyme C""[MeSH Terms]) AND (""antibody""[Title/Abstract] OR ""antibodies""[Title/Abstract] OR ""nanobody""[Title/Abstract] OR ""single-domain antibody""[Title/Abstract] OR ""scFv""[Title/Abstract] OR ""Fab""[Title/Abstract] OR ""neutralizing antibody""[Title/Abstract])",23291178,Cell-free synthesis system suitable for disulfide-containing proteins.,Biochemical and biophysical research communications,2013 Feb 8,10.1016/j.bbrc.2012.12.107,Matsuda T; Watanabe S; Kigawa T,PMID:23291178,Cell-free synthesis system suitable for disulfide-containing proteins. | Biochemical and biophysical research communications | 2013 Feb 8,https://pubmed.ncbi.nlm.nih.gov/23291178/
Prostate-specific antigen,"(""Prostate-specific antigen""[Title/Abstract] OR ""Prostate-specific antigen""[MeSH Terms]) AND (""antibody""[Title/Abstract] OR ""antibodies""[Title/Abstract] OR ""nanobody""[Title/Abstract] OR ""single-domain antibody""[Title/Abstract] OR ""scFv""[Title/Abstract] OR ""Fab""[Title/Abstract] OR ""neutralizing antibody""[Title/Abstract])",17414515,Prostate cancer immunotherapy.,Current opinion in urology,2007 May,10.1097/MOU.0b013e3280eb10eb,McNeel DG,PMID:17414515,Prostate cancer immunotherapy. | Current opinion in urology | 2007 May,https://pubmed.ncbi.nlm.nih.gov/17414515/
Prostate-specific antigen,"(""Prostate-specific antigen""[Title/Abstract] OR ""Prostate-specific antigen""[MeSH Terms]) AND (""antibody""[Title/Abstract] OR ""antibodies""[Title/Abstract] OR ""nanobody""[Title/Abstract] OR ""single-domain antibody""[Title/Abstract] OR ""scFv""[Title/Abstract] OR ""Fab""[Title/Abstract] OR ""neutralizing antibody""[Title/Abstract])",19551556,Antiangiogenic properties of prostate-specific antigen (PSA).,Scandinavian journal of clinical and laboratory investigation,2009,10.1080/00365510903056031,Mattsson JM; Laakkonen P; Stenman UH; Koistinen H,PMID:19551556,Antiangiogenic properties of prostate-specific antigen (PSA). | Scandinavian journal of clinical and laboratory investigation | 2009,https://pubmed.ncbi.nlm.nih.gov/19551556/
Prostate-specific antigen,"(""Prostate-specific antigen""[Title/Abstract] OR ""Prostate-specific antigen""[MeSH Terms]) AND (""antibody""[Title/Abstract] OR ""antibodies""[Title/Abstract] OR ""nanobody""[Title/Abstract] OR ""single-domain antibody""[Title/Abstract] OR ""scFv""[Title/Abstract] OR ""Fab""[Title/Abstract] OR ""neutralizing antibody""[Title/Abstract])",32004532,Advances in prostate specific antigen biosensors-impact of nanotechnology.,Clinica chimica acta; international journal of clinical chemistry,2020 May,10.1016/j.cca.2020.01.028,Negahdary M; Sattarahmady N; Heli H,PMID:32004532,Advances in prostate specific antigen biosensors-impact of nanotechnology. | Clinica chimica acta; international journal of clinical chemistry | 2020 May,https://pubmed.ncbi.nlm.nih.gov/32004532/
Prostate-specific antigen,"(""Prostate-specific antigen""[Title/Abstract] OR ""Prostate-specific antigen""[MeSH Terms]) AND (""antibody""[Title/Abstract] OR ""antibodies""[Title/Abstract] OR ""nanobody""[Title/Abstract] OR ""single-domain antibody""[Title/Abstract] OR ""scFv""[Title/Abstract] OR ""Fab""[Title/Abstract] OR ""neutralizing antibody""[Title/Abstract])",11227049,PSMA specific antibodies and their diagnostic and therapeutic use.,Expert opinion on investigational drugs,2001 Mar,10.1517/13543784.10.3.511,Holmes EH,PMID:11227049,PSMA specific antibodies and their diagnostic and therapeutic use. | Expert opinion on investigational drugs | 2001 Mar,https://pubmed.ncbi.nlm.nih.gov/11227049/
Prostate-specific antigen,"(""Prostate-specific antigen""[Title/Abstract] OR ""Prostate-specific antigen""[MeSH Terms]) AND (""antibody""[Title/Abstract] OR ""antibodies""[Title/Abstract] OR ""nanobody""[Title/Abstract] OR ""single-domain antibody""[Title/Abstract] OR ""scFv""[Title/Abstract] OR ""Fab""[Title/Abstract] OR ""neutralizing antibody""[Title/Abstract])",25529338,Targeted prodrug approaches for hormone refractory prostate cancer.,Medicinal research reviews,2015 May,10.1002/med.21333,Aloysius H; Hu L,PMID:25529338,Targeted prodrug approaches for hormone refractory prostate cancer. | Medicinal research reviews | 2015 May,https://pubmed.ncbi.nlm.nih.gov/25529338/
T-CELL SURFACE GLYCOPROTEIN CD4,"(""T-CELL SURFACE GLYCOPROTEIN CD4""[Title/Abstract] OR ""T-CELL SURFACE GLYCOPROTEIN CD4""[MeSH Terms]) AND (""antibody""[Title/Abstract] OR ""antibodies""[Title/Abstract] OR ""nanobody""[Title/Abstract] OR ""single-domain antibody""[Title/Abstract] OR ""scFv""[Title/Abstract] OR ""Fab""[Title/Abstract] OR ""neutralizing antibody""[Title/Abstract])",30150645,A dynamic three-step mechanism drives the HIV-1 pre-fusion reaction.,Nature structural & molecular biology,2018 Sep,10.1038/s41594-018-0113-x,Iliopoulou M; Nolan R; Alvarez L; Watanabe Y; Coomer CA; Jakobsdottir GM; et al.,PMID:30150645,A dynamic three-step mechanism drives the HIV-1 pre-fusion reaction. | Nature structural & molecular biology | 2018 Sep,https://pubmed.ncbi.nlm.nih.gov/30150645/
T-CELL SURFACE GLYCOPROTEIN CD4,"(""T-CELL SURFACE GLYCOPROTEIN CD4""[Title/Abstract] OR ""T-CELL SURFACE GLYCOPROTEIN CD4""[MeSH Terms]) AND (""antibody""[Title/Abstract] OR ""antibodies""[Title/Abstract] OR ""nanobody""[Title/Abstract] OR ""single-domain antibody""[Title/Abstract] OR ""scFv""[Title/Abstract] OR ""Fab""[Title/Abstract] OR ""neutralizing antibody""[Title/Abstract])",1971526,CD4-derived synthetic peptide blocks the binding of HIV-1 GP120 to CD4-bearing cells and prevents HIV-1 infection.,Cellular immunology,1990 Jun,10.1016/0008-8749(90)90010-o,Shapira-Nahor O; Golding H; Vujcic LK; Resto-Ruiz S; Fields RL; Robey FA,PMID:1971526,CD4-derived synthetic peptide blocks the binding of HIV-1 GP120 to CD4-bearing cells and prevents HIV-1 infection. | Cellular immunology | 1990 Jun,https://pubmed.ncbi.nlm.nih.gov/1971526/
T-CELL SURFACE GLYCOPROTEIN CD4,"(""T-CELL SURFACE GLYCOPROTEIN CD4""[Title/Abstract] OR ""T-CELL SURFACE GLYCOPROTEIN CD4""[MeSH Terms]) AND (""antibody""[Title/Abstract] OR ""antibodies""[Title/Abstract] OR ""nanobody""[Title/Abstract] OR ""single-domain antibody""[Title/Abstract] OR ""scFv""[Title/Abstract] OR ""Fab""[Title/Abstract] OR ""neutralizing antibody""[Title/Abstract])",3027575,Unusual intron in the immunoglobulin domain of the newly isolated murine CD4 (L3T4) gene.,Nature,1987 Jan 29-Feb 4,10.1038/325453a0,Littman DR; Gettner SN,PMID:3027575,Unusual intron in the immunoglobulin domain of the newly isolated murine CD4 (L3T4) gene. | Nature | 1987 Jan 29-Feb 4,https://pubmed.ncbi.nlm.nih.gov/3027575/
T-CELL SURFACE GLYCOPROTEIN CD4,"(""T-CELL SURFACE GLYCOPROTEIN CD4""[Title/Abstract] OR ""T-CELL SURFACE GLYCOPROTEIN CD4""[MeSH Terms]) AND (""antibody""[Title/Abstract] OR ""antibodies""[Title/Abstract] OR ""nanobody""[Title/Abstract] OR ""single-domain antibody""[Title/Abstract] OR ""scFv""[Title/Abstract] OR ""Fab""[Title/Abstract] OR ""neutralizing antibody""[Title/Abstract])",8505149,CD4-binding compounds: an assay to detect new classes of immunopharmacological agents.,International journal of immunopharmacology,1993 Apr,10.1016/0192-0561(93)90047-3,Chandler G; Elcock C; Depledge P; Wrigley S; Mous J; Malkovsky M; et al.,PMID:8505149,CD4-binding compounds: an assay to detect new classes of immunopharmacological agents. | International journal of immunopharmacology | 1993 Apr,https://pubmed.ncbi.nlm.nih.gov/8505149/
T-CELL SURFACE GLYCOPROTEIN CD4,"(""T-CELL SURFACE GLYCOPROTEIN CD4""[Title/Abstract] OR ""T-CELL SURFACE GLYCOPROTEIN CD4""[MeSH Terms]) AND (""antibody""[Title/Abstract] OR ""antibodies""[Title/Abstract] OR ""nanobody""[Title/Abstract] OR ""single-domain antibody""[Title/Abstract] OR ""scFv""[Title/Abstract] OR ""Fab""[Title/Abstract] OR ""neutralizing antibody""[Title/Abstract])",2338715,Crystallization of a soluble form of the rat T-cell surface glycoprotein CD4 complexed with Fab from the W3/25 monoclonal antibody.,Journal of molecular biology,1990 May 5,10.1016/S0022-2836(05)80116-0,Davis SJ; Brady RL; Barclay AN; Harlos K; Dodson GG; Williams AF,PMID:2338715,Crystallization of a soluble form of the rat T-cell surface glycoprotein CD4 complexed with Fab from the W3/25 monoclonal antibody. | Journal of molecular biology | 1990 May 5,https://pubmed.ncbi.nlm.nih.gov/2338715/
Cysteine-rich protective antigen,"(""Cysteine-rich protective antigen""[Title/Abstract] OR ""Cysteine-rich protective antigen""[MeSH Terms]) AND (""antibody""[Title/Abstract] OR ""antibodies""[Title/Abstract] OR ""nanobody""[Title/Abstract] OR ""single-domain antibody""[Title/Abstract] OR ""scFv""[Title/Abstract] OR ""Fab""[Title/Abstract] OR ""neutralizing antibody""[Title/Abstract])",38573856,The essential malaria protein PfCyRPA targets glycans to invade erythrocytes.,Cell reports,2024 Apr 23,10.1016/j.celrep.2024.114012,Day CJ; Favuzza P; Bielfeld S; Haselhorst T; Seefeldt L; Hauser J; et al.,PMID:38573856,The essential malaria protein PfCyRPA targets glycans to invade erythrocytes. | Cell reports | 2024 Apr 23,https://pubmed.ncbi.nlm.nih.gov/38573856/
Cysteine-rich protective antigen,"(""Cysteine-rich protective antigen""[Title/Abstract] OR ""Cysteine-rich protective antigen""[MeSH Terms]) AND (""antibody""[Title/Abstract] OR ""antibodies""[Title/Abstract] OR ""nanobody""[Title/Abstract] OR ""single-domain antibody""[Title/Abstract] OR ""scFv""[Title/Abstract] OR ""Fab""[Title/Abstract] OR ""neutralizing antibody""[Title/Abstract])",38849365,Development of an improved blood-stage malaria vaccine targeting the essential RH5-CyRPA-RIPR invasion complex.,Nature communications,2024 Jun 7,10.1038/s41467-024-48721-3,Williams BG; King LDW; Pulido D; Quinkert D; Lias AM; Silk SE; et al.,PMID:38849365,Development of an improved blood-stage malaria vaccine targeting the essential RH5-CyRPA-RIPR invasion complex. | Nature communications | 2024 Jun 7,https://pubmed.ncbi.nlm.nih.gov/38849365/
Cysteine-rich protective antigen,"(""Cysteine-rich protective antigen""[Title/Abstract] OR ""Cysteine-rich protective antigen""[MeSH Terms]) AND (""antibody""[Title/Abstract] OR ""antibodies""[Title/Abstract] OR ""nanobody""[Title/Abstract] OR ""single-domain antibody""[Title/Abstract] OR ""scFv""[Title/Abstract] OR ""Fab""[Title/Abstract] OR ""neutralizing antibody""[Title/Abstract])",34694918,Plasmodium falciparum Cysteine-Rich Protective Antigen (CyRPA) Elicits Detectable Levels of Invasion-Inhibitory Antibodies during Natural Infection in Humans.,Infection and immunity,2022 Jan 25,10.1128/IAI.00377-21,Mian SY; Somanathan A; Chaddha K; Pandey AK; Singh H; Krishna S; et al.,PMID:34694918,Plasmodium falciparum Cysteine-Rich Protective Antigen (CyRPA) Elicits Detectable Levels of Invasion-Inhibitory Antibodies during Natural Infection in Humans. | Infection and immunity | 2022 Jan 25,https://pubmed.ncbi.nlm.nih.gov/34694918/
Cysteine-rich protective antigen,"(""Cysteine-rich protective antigen""[Title/Abstract] OR ""Cysteine-rich protective antigen""[MeSH Terms]) AND (""antibody""[Title/Abstract] OR ""antibodies""[Title/Abstract] OR ""nanobody""[Title/Abstract] OR ""single-domain antibody""[Title/Abstract] OR ""scFv""[Title/Abstract] OR ""Fab""[Title/Abstract] OR ""neutralizing antibody""[Title/Abstract])",36396942,PCRCR complex is essential for invasion of human erythrocytes by Plasmodium falciparum.,Nature microbiology,2022 Dec,10.1038/s41564-022-01261-2,Scally SW; Triglia T; Evelyn C; Seager BA; Pasternak M; Lim PS; et al.,PMID:36396942,PCRCR complex is essential for invasion of human erythrocytes by Plasmodium falciparum. | Nature microbiology | 2022 Dec,https://pubmed.ncbi.nlm.nih.gov/36396942/
Cysteine-rich protective antigen,"(""Cysteine-rich protective antigen""[Title/Abstract] OR ""Cysteine-rich protective antigen""[MeSH Terms]) AND (""antibody""[Title/Abstract] OR ""antibodies""[Title/Abstract] OR ""nanobody""[Title/Abstract] OR ""single-domain antibody""[Title/Abstract] OR ""scFv""[Title/Abstract] OR ""Fab""[Title/Abstract] OR ""neutralizing antibody""[Title/Abstract])",33379267,Plasmodium vivax Cysteine-Rich Protective Antigen Polymorphism at Exon-1 Shows Recombination and Signatures of Balancing Selection.,Genes,2020 Dec 28,10.3390/genes12010029,González-Cerón L; Cebrián-Carmona J; Mesa-Valle CM; García-Maroto F; Santillán-Valenzuela F; Garrido-Cardenas JA,PMID:33379267,Plasmodium vivax Cysteine-Rich Protective Antigen Polymorphism at Exon-1 Shows Recombination and Signatures of Balancing Selection. | Genes | 2020 Dec 28,https://pubmed.ncbi.nlm.nih.gov/33379267/
Capsid protein,"(""Capsid protein""[Title/Abstract] OR ""Capsid protein""[MeSH Terms]) AND (""antibody""[Title/Abstract] OR ""antibodies""[Title/Abstract] OR ""nanobody""[Title/Abstract] OR ""single-domain antibody""[Title/Abstract] OR ""scFv""[Title/Abstract] OR ""Fab""[Title/Abstract] OR ""neutralizing antibody""[Title/Abstract])",39185209,Protein Carrier AAV.,bioRxiv : the preprint server for biology,2024 Aug 14,10.1101/2024.08.14.607995,Hoffmann MD; Sorensen RJ; Extross A; He Y; Schmidt D,PMID:39185209,Protein Carrier AAV. | bioRxiv : the preprint server for biology | 2024 Aug 14,https://pubmed.ncbi.nlm.nih.gov/39185209/
Capsid protein,"(""Capsid protein""[Title/Abstract] OR ""Capsid protein""[MeSH Terms]) AND (""antibody""[Title/Abstract] OR ""antibodies""[Title/Abstract] OR ""nanobody""[Title/Abstract] OR ""single-domain antibody""[Title/Abstract] OR ""scFv""[Title/Abstract] OR ""Fab""[Title/Abstract] OR ""neutralizing antibody""[Title/Abstract])",37223870,Prophylactic Hepatitis E Vaccine.,Advances in experimental medicine and biology,2023,10.1007/978-981-99-1304-6_16,Zhang J; Zheng Z; Xia N,PMID:37223870,Prophylactic Hepatitis E Vaccine. | Advances in experimental medicine and biology | 2023,https://pubmed.ncbi.nlm.nih.gov/37223870/
Capsid protein,"(""Capsid protein""[Title/Abstract] OR ""Capsid protein""[MeSH Terms]) AND (""antibody""[Title/Abstract] OR ""antibodies""[Title/Abstract] OR ""nanobody""[Title/Abstract] OR ""single-domain antibody""[Title/Abstract] OR ""scFv""[Title/Abstract] OR ""Fab""[Title/Abstract] OR ""neutralizing antibody""[Title/Abstract])",30791623,GII.4 Human Norovirus: Surveying the Antigenic Landscape.,Viruses,2019 Feb 20,10.3390/v11020177,Mallory ML; Lindesmith LC; Graham RL; Baric RS,PMID:30791623,GII.4 Human Norovirus: Surveying the Antigenic Landscape. | Viruses | 2019 Feb 20,https://pubmed.ncbi.nlm.nih.gov/30791623/
Capsid protein,"(""Capsid protein""[Title/Abstract] OR ""Capsid protein""[MeSH Terms]) AND (""antibody""[Title/Abstract] OR ""antibodies""[Title/Abstract] OR ""nanobody""[Title/Abstract] OR ""single-domain antibody""[Title/Abstract] OR ""scFv""[Title/Abstract] OR ""Fab""[Title/Abstract] OR ""neutralizing antibody""[Title/Abstract])",27738988,Prophylactic Hepatitis E Vaccine.,Advances in experimental medicine and biology,2016,10.1007/978-94-024-0942-0_13,Zhang J; Zhao Q; Xia N,PMID:27738988,Prophylactic Hepatitis E Vaccine. | Advances in experimental medicine and biology | 2016,https://pubmed.ncbi.nlm.nih.gov/27738988/
Capsid protein,"(""Capsid protein""[Title/Abstract] OR ""Capsid protein""[MeSH Terms]) AND (""antibody""[Title/Abstract] OR ""antibodies""[Title/Abstract] OR ""nanobody""[Title/Abstract] OR ""single-domain antibody""[Title/Abstract] OR ""scFv""[Title/Abstract] OR ""Fab""[Title/Abstract] OR ""neutralizing antibody""[Title/Abstract])",26676802,Functional assessment and structural basis of antibody binding to human papillomavirus capsid.,Reviews in medical virology,2016 Mar,10.1002/rmv.1867,Zhang X; Li S; Modis Y; Li Z; Zhang J; Xia N; et al.,PMID:26676802,Functional assessment and structural basis of antibody binding to human papillomavirus capsid. | Reviews in medical virology | 2016 Mar,https://pubmed.ncbi.nlm.nih.gov/26676802/
