target_name,category,target_query,uniprot_id,full_ncbi_query,retmax,ncbi_hits_reported,hit_count_capped_at_retmax,patent_intermediate_rows,final_master_rows,unique_patents_final,unique_accessions_final,manual_ncbi_url,google_patents_query,google_patents_url,uspto_manual_query,manual_validation_status
PD-1,Checkpoint,anti-PD-1 OR anti-PDCD1 OR nivolumab OR pembrolizumab OR cemiplimab,Q15116,"(anti-PD-1 OR anti-PDCD1 OR nivolumab OR pembrolizumab OR cemiplimab) AND (antibody OR immunoglobulin OR VH OR VHH OR VL OR scFv OR nanobody OR Fab OR heavy chain OR light chain OR CDR OR variable region) AND ""PAT""[Division]",200,200,yes,137,112,6,112,https://www.ncbi.nlm.nih.gov/protein/?term=%28anti-PD-1+OR+anti-PDCD1+OR+nivolumab+OR+pembrolizumab+OR+cemiplimab%29+AND+%28antibody+OR+immunoglobulin+OR+VH+OR+VHH+OR+VL+OR+scFv+OR+nanobody+OR+Fab+OR+heavy+chain+OR+light+chain+OR+CDR+OR+variable+region%29+AND+%22PAT%22%5BDivision%5D,(anti-PD-1 OR anti-PDCD1 OR nivolumab OR pembrolizumab OR cemiplimab) (antibody OR immunoglobulin OR VH OR VHH OR VL OR scFv OR nanobody OR Fab OR CDR),https://patents.google.com/?q=%28anti-PD-1+OR+anti-PDCD1+OR+nivolumab+OR+pembrolizumab+OR+cemiplimab%29+%28antibody+OR+immunoglobulin+OR+VH+OR+VHH+OR+VL+OR+scFv+OR+nanobody+OR+Fab+OR+CDR%29,"""PD-1"" antibody variable region",not_started
PD-L1,Checkpoint,anti-PD-L1 OR anti-CD274 OR atezolizumab OR durvalumab OR avelumab,Q9NZQ7,"(anti-PD-L1 OR anti-CD274 OR atezolizumab OR durvalumab OR avelumab) AND (antibody OR immunoglobulin OR VH OR VHH OR VL OR scFv OR nanobody OR Fab OR heavy chain OR light chain OR CDR OR variable region) AND ""PAT""[Division]",200,200,yes,63,45,3,45,https://www.ncbi.nlm.nih.gov/protein/?term=%28anti-PD-L1+OR+anti-CD274+OR+atezolizumab+OR+durvalumab+OR+avelumab%29+AND+%28antibody+OR+immunoglobulin+OR+VH+OR+VHH+OR+VL+OR+scFv+OR+nanobody+OR+Fab+OR+heavy+chain+OR+light+chain+OR+CDR+OR+variable+region%29+AND+%22PAT%22%5BDivision%5D,(anti-PD-L1 OR anti-CD274 OR atezolizumab OR durvalumab OR avelumab) (antibody OR immunoglobulin OR VH OR VHH OR VL OR scFv OR nanobody OR Fab OR CDR),https://patents.google.com/?q=%28anti-PD-L1+OR+anti-CD274+OR+atezolizumab+OR+durvalumab+OR+avelumab%29+%28antibody+OR+immunoglobulin+OR+VH+OR+VHH+OR+VL+OR+scFv+OR+nanobody+OR+Fab+OR+CDR%29,"""PD-L1"" antibody variable region",not_started
CTLA-4,Checkpoint,anti-CTLA-4 OR anti-CTLA4 OR ipilimumab OR tremelimumab,P16410,"(anti-CTLA-4 OR anti-CTLA4 OR ipilimumab OR tremelimumab) AND (antibody OR immunoglobulin OR VH OR VHH OR VL OR scFv OR nanobody OR Fab OR heavy chain OR light chain OR CDR OR variable region) AND ""PAT""[Division]",200,200,yes,137,102,3,102,https://www.ncbi.nlm.nih.gov/protein/?term=%28anti-CTLA-4+OR+anti-CTLA4+OR+ipilimumab+OR+tremelimumab%29+AND+%28antibody+OR+immunoglobulin+OR+VH+OR+VHH+OR+VL+OR+scFv+OR+nanobody+OR+Fab+OR+heavy+chain+OR+light+chain+OR+CDR+OR+variable+region%29+AND+%22PAT%22%5BDivision%5D,(anti-CTLA-4 OR anti-CTLA4 OR ipilimumab OR tremelimumab) (antibody OR immunoglobulin OR VH OR VHH OR VL OR scFv OR nanobody OR Fab OR CDR),https://patents.google.com/?q=%28anti-CTLA-4+OR+anti-CTLA4+OR+ipilimumab+OR+tremelimumab%29+%28antibody+OR+immunoglobulin+OR+VH+OR+VHH+OR+VL+OR+scFv+OR+nanobody+OR+Fab+OR+CDR%29,"""CTLA-4"" antibody variable region",not_started
TIGIT,Checkpoint,anti-TIGIT OR tiragolumab OR vibostolimab OR domvanalimab,Q495A1,"(anti-TIGIT OR tiragolumab OR vibostolimab OR domvanalimab) AND (antibody OR immunoglobulin OR VH OR VHH OR VL OR scFv OR nanobody OR Fab OR heavy chain OR light chain OR CDR OR variable region) AND ""PAT""[Division]",200,200,yes,179,116,1,116,https://www.ncbi.nlm.nih.gov/protein/?term=%28anti-TIGIT+OR+tiragolumab+OR+vibostolimab+OR+domvanalimab%29+AND+%28antibody+OR+immunoglobulin+OR+VH+OR+VHH+OR+VL+OR+scFv+OR+nanobody+OR+Fab+OR+heavy+chain+OR+light+chain+OR+CDR+OR+variable+region%29+AND+%22PAT%22%5BDivision%5D,(anti-TIGIT OR tiragolumab OR vibostolimab OR domvanalimab) (antibody OR immunoglobulin OR VH OR VHH OR VL OR scFv OR nanobody OR Fab OR CDR),https://patents.google.com/?q=%28anti-TIGIT+OR+tiragolumab+OR+vibostolimab+OR+domvanalimab%29+%28antibody+OR+immunoglobulin+OR+VH+OR+VHH+OR+VL+OR+scFv+OR+nanobody+OR+Fab+OR+CDR%29,"""TIGIT"" antibody variable region",not_started
LAG-3,Checkpoint,anti-LAG-3 OR anti-LAG3 OR relatlimab OR favezelimab,P18627,"(anti-LAG-3 OR anti-LAG3 OR relatlimab OR favezelimab) AND (antibody OR immunoglobulin OR VH OR VHH OR VL OR scFv OR nanobody OR Fab OR heavy chain OR light chain OR CDR OR variable region) AND ""PAT""[Division]",200,200,yes,97,86,7,86,https://www.ncbi.nlm.nih.gov/protein/?term=%28anti-LAG-3+OR+anti-LAG3+OR+relatlimab+OR+favezelimab%29+AND+%28antibody+OR+immunoglobulin+OR+VH+OR+VHH+OR+VL+OR+scFv+OR+nanobody+OR+Fab+OR+heavy+chain+OR+light+chain+OR+CDR+OR+variable+region%29+AND+%22PAT%22%5BDivision%5D,(anti-LAG-3 OR anti-LAG3 OR relatlimab OR favezelimab) (antibody OR immunoglobulin OR VH OR VHH OR VL OR scFv OR nanobody OR Fab OR CDR),https://patents.google.com/?q=%28anti-LAG-3+OR+anti-LAG3+OR+relatlimab+OR+favezelimab%29+%28antibody+OR+immunoglobulin+OR+VH+OR+VHH+OR+VL+OR+scFv+OR+nanobody+OR+Fab+OR+CDR%29,"""LAG-3"" antibody variable region",not_started
TIM-3,Checkpoint,anti-TIM-3 OR anti-TIM3 OR anti-HAVCR2 OR cobolimab OR sabatolimab,Q8TDQ0,"(anti-TIM-3 OR anti-TIM3 OR anti-HAVCR2 OR cobolimab OR sabatolimab) AND (antibody OR immunoglobulin OR VH OR VHH OR VL OR scFv OR nanobody OR Fab OR heavy chain OR light chain OR CDR OR variable region) AND ""PAT""[Division]",200,193,no,103,42,3,42,https://www.ncbi.nlm.nih.gov/protein/?term=%28anti-TIM-3+OR+anti-TIM3+OR+anti-HAVCR2+OR+cobolimab+OR+sabatolimab%29+AND+%28antibody+OR+immunoglobulin+OR+VH+OR+VHH+OR+VL+OR+scFv+OR+nanobody+OR+Fab+OR+heavy+chain+OR+light+chain+OR+CDR+OR+variable+region%29+AND+%22PAT%22%5BDivision%5D,(anti-TIM-3 OR anti-TIM3 OR anti-HAVCR2 OR cobolimab OR sabatolimab) (antibody OR immunoglobulin OR VH OR VHH OR VL OR scFv OR nanobody OR Fab OR CDR),https://patents.google.com/?q=%28anti-TIM-3+OR+anti-TIM3+OR+anti-HAVCR2+OR+cobolimab+OR+sabatolimab%29+%28antibody+OR+immunoglobulin+OR+VH+OR+VHH+OR+VL+OR+scFv+OR+nanobody+OR+Fab+OR+CDR%29,"""TIM-3"" antibody variable region",not_started
VISTA,Checkpoint,anti-VISTA OR anti-VSIR OR anti-B7-H5,Q9H7M9,"(anti-VISTA OR anti-VSIR OR anti-B7-H5) AND (antibody OR immunoglobulin OR VH OR VHH OR VL OR scFv OR nanobody OR Fab OR heavy chain OR light chain OR CDR OR variable region) AND ""PAT""[Division]",200,46,no,18,18,1,18,https://www.ncbi.nlm.nih.gov/protein/?term=%28anti-VISTA+OR+anti-VSIR+OR+anti-B7-H5%29+AND+%28antibody+OR+immunoglobulin+OR+VH+OR+VHH+OR+VL+OR+scFv+OR+nanobody+OR+Fab+OR+heavy+chain+OR+light+chain+OR+CDR+OR+variable+region%29+AND+%22PAT%22%5BDivision%5D,(anti-VISTA OR anti-VSIR OR anti-B7-H5) (antibody OR immunoglobulin OR VH OR VHH OR VL OR scFv OR nanobody OR Fab OR CDR),https://patents.google.com/?q=%28anti-VISTA+OR+anti-VSIR+OR+anti-B7-H5%29+%28antibody+OR+immunoglobulin+OR+VH+OR+VHH+OR+VL+OR+scFv+OR+nanobody+OR+Fab+OR+CDR%29,"""VISTA"" antibody variable region",not_started
BTLA,Checkpoint,anti-BTLA OR anti-CD272,Q7Z6A9,"(anti-BTLA OR anti-CD272) AND (antibody OR immunoglobulin OR VH OR VHH OR VL OR scFv OR nanobody OR Fab OR heavy chain OR light chain OR CDR OR variable region) AND ""PAT""[Division]",200,0,no,0,0,0,0,https://www.ncbi.nlm.nih.gov/protein/?term=%28anti-BTLA+OR+anti-CD272%29+AND+%28antibody+OR+immunoglobulin+OR+VH+OR+VHH+OR+VL+OR+scFv+OR+nanobody+OR+Fab+OR+heavy+chain+OR+light+chain+OR+CDR+OR+variable+region%29+AND+%22PAT%22%5BDivision%5D,(anti-BTLA OR anti-CD272) (antibody OR immunoglobulin OR VH OR VHH OR VL OR scFv OR nanobody OR Fab OR CDR),https://patents.google.com/?q=%28anti-BTLA+OR+anti-CD272%29+%28antibody+OR+immunoglobulin+OR+VH+OR+VHH+OR+VL+OR+scFv+OR+nanobody+OR+Fab+OR+CDR%29,"""BTLA"" antibody variable region",not_started
CD47,Checkpoint,anti-CD47 OR magrolimab OR lemzoparlimab,Q08722,"(anti-CD47 OR magrolimab OR lemzoparlimab) AND (antibody OR immunoglobulin OR VH OR VHH OR VL OR scFv OR nanobody OR Fab OR heavy chain OR light chain OR CDR OR variable region) AND ""PAT""[Division]",200,200,yes,97,83,5,83,https://www.ncbi.nlm.nih.gov/protein/?term=%28anti-CD47+OR+magrolimab+OR+lemzoparlimab%29+AND+%28antibody+OR+immunoglobulin+OR+VH+OR+VHH+OR+VL+OR+scFv+OR+nanobody+OR+Fab+OR+heavy+chain+OR+light+chain+OR+CDR+OR+variable+region%29+AND+%22PAT%22%5BDivision%5D,(anti-CD47 OR magrolimab OR lemzoparlimab) (antibody OR immunoglobulin OR VH OR VHH OR VL OR scFv OR nanobody OR Fab OR CDR),https://patents.google.com/?q=%28anti-CD47+OR+magrolimab+OR+lemzoparlimab%29+%28antibody+OR+immunoglobulin+OR+VH+OR+VHH+OR+VL+OR+scFv+OR+nanobody+OR+Fab+OR+CDR%29,"""CD47"" antibody variable region",not_started
SIRPa,Checkpoint,anti-SIRPa OR anti-SIRPA OR anti-CD172a,P78324,"(anti-SIRPa OR anti-SIRPA OR anti-CD172a) AND (antibody OR immunoglobulin OR VH OR VHH OR VL OR scFv OR nanobody OR Fab OR heavy chain OR light chain OR CDR OR variable region) AND ""PAT""[Division]",200,0,no,0,0,0,0,https://www.ncbi.nlm.nih.gov/protein/?term=%28anti-SIRPa+OR+anti-SIRPA+OR+anti-CD172a%29+AND+%28antibody+OR+immunoglobulin+OR+VH+OR+VHH+OR+VL+OR+scFv+OR+nanobody+OR+Fab+OR+heavy+chain+OR+light+chain+OR+CDR+OR+variable+region%29+AND+%22PAT%22%5BDivision%5D,(anti-SIRPa OR anti-SIRPA OR anti-CD172a) (antibody OR immunoglobulin OR VH OR VHH OR VL OR scFv OR nanobody OR Fab OR CDR),https://patents.google.com/?q=%28anti-SIRPa+OR+anti-SIRPA+OR+anti-CD172a%29+%28antibody+OR+immunoglobulin+OR+VH+OR+VHH+OR+VL+OR+scFv+OR+nanobody+OR+Fab+OR+CDR%29,"""SIRPa"" antibody variable region",not_started
HER2,Oncology,anti-HER2 OR anti-ERBB2 OR trastuzumab OR pertuzumab OR margetuximab,P04626,"(anti-HER2 OR anti-ERBB2 OR trastuzumab OR pertuzumab OR margetuximab) AND (antibody OR immunoglobulin OR VH OR VHH OR VL OR scFv OR nanobody OR Fab OR heavy chain OR light chain OR CDR OR variable region) AND ""PAT""[Division]",200,200,yes,129,89,10,89,https://www.ncbi.nlm.nih.gov/protein/?term=%28anti-HER2+OR+anti-ERBB2+OR+trastuzumab+OR+pertuzumab+OR+margetuximab%29+AND+%28antibody+OR+immunoglobulin+OR+VH+OR+VHH+OR+VL+OR+scFv+OR+nanobody+OR+Fab+OR+heavy+chain+OR+light+chain+OR+CDR+OR+variable+region%29+AND+%22PAT%22%5BDivision%5D,(anti-HER2 OR anti-ERBB2 OR trastuzumab OR pertuzumab OR margetuximab) (antibody OR immunoglobulin OR VH OR VHH OR VL OR scFv OR nanobody OR Fab OR CDR),https://patents.google.com/?q=%28anti-HER2+OR+anti-ERBB2+OR+trastuzumab+OR+pertuzumab+OR+margetuximab%29+%28antibody+OR+immunoglobulin+OR+VH+OR+VHH+OR+VL+OR+scFv+OR+nanobody+OR+Fab+OR+CDR%29,"""HER2"" antibody variable region",not_started
EGFR,Oncology,anti-EGFR OR anti-ERBB1 OR cetuximab OR panitumumab OR necitumumab,P00533,"(anti-EGFR OR anti-ERBB1 OR cetuximab OR panitumumab OR necitumumab) AND (antibody OR immunoglobulin OR VH OR VHH OR VL OR scFv OR nanobody OR Fab OR heavy chain OR light chain OR CDR OR variable region) AND ""PAT""[Division]",200,200,yes,98,76,9,76,https://www.ncbi.nlm.nih.gov/protein/?term=%28anti-EGFR+OR+anti-ERBB1+OR+cetuximab+OR+panitumumab+OR+necitumumab%29+AND+%28antibody+OR+immunoglobulin+OR+VH+OR+VHH+OR+VL+OR+scFv+OR+nanobody+OR+Fab+OR+heavy+chain+OR+light+chain+OR+CDR+OR+variable+region%29+AND+%22PAT%22%5BDivision%5D,(anti-EGFR OR anti-ERBB1 OR cetuximab OR panitumumab OR necitumumab) (antibody OR immunoglobulin OR VH OR VHH OR VL OR scFv OR nanobody OR Fab OR CDR),https://patents.google.com/?q=%28anti-EGFR+OR+anti-ERBB1+OR+cetuximab+OR+panitumumab+OR+necitumumab%29+%28antibody+OR+immunoglobulin+OR+VH+OR+VHH+OR+VL+OR+scFv+OR+nanobody+OR+Fab+OR+CDR%29,"""EGFR"" antibody variable region",not_started
HER3,Oncology,anti-HER3 OR anti-ERBB3 OR patritumab,P21860,"(anti-HER3 OR anti-ERBB3 OR patritumab) AND (antibody OR immunoglobulin OR VH OR VHH OR VL OR scFv OR nanobody OR Fab OR heavy chain OR light chain OR CDR OR variable region) AND ""PAT""[Division]",200,200,yes,52,45,6,45,https://www.ncbi.nlm.nih.gov/protein/?term=%28anti-HER3+OR+anti-ERBB3+OR+patritumab%29+AND+%28antibody+OR+immunoglobulin+OR+VH+OR+VHH+OR+VL+OR+scFv+OR+nanobody+OR+Fab+OR+heavy+chain+OR+light+chain+OR+CDR+OR+variable+region%29+AND+%22PAT%22%5BDivision%5D,(anti-HER3 OR anti-ERBB3 OR patritumab) (antibody OR immunoglobulin OR VH OR VHH OR VL OR scFv OR nanobody OR Fab OR CDR),https://patents.google.com/?q=%28anti-HER3+OR+anti-ERBB3+OR+patritumab%29+%28antibody+OR+immunoglobulin+OR+VH+OR+VHH+OR+VL+OR+scFv+OR+nanobody+OR+Fab+OR+CDR%29,"""HER3"" antibody variable region",not_started
CD20,Oncology,anti-CD20 OR anti-MS4A1 OR rituximab OR obinutuzumab OR ofatumumab,P11836,"(anti-CD20 OR anti-MS4A1 OR rituximab OR obinutuzumab OR ofatumumab) AND (antibody OR immunoglobulin OR VH OR VHH OR VL OR scFv OR nanobody OR Fab OR heavy chain OR light chain OR CDR OR variable region) AND ""PAT""[Division]",200,200,yes,99,75,11,75,https://www.ncbi.nlm.nih.gov/protein/?term=%28anti-CD20+OR+anti-MS4A1+OR+rituximab+OR+obinutuzumab+OR+ofatumumab%29+AND+%28antibody+OR+immunoglobulin+OR+VH+OR+VHH+OR+VL+OR+scFv+OR+nanobody+OR+Fab+OR+heavy+chain+OR+light+chain+OR+CDR+OR+variable+region%29+AND+%22PAT%22%5BDivision%5D,(anti-CD20 OR anti-MS4A1 OR rituximab OR obinutuzumab OR ofatumumab) (antibody OR immunoglobulin OR VH OR VHH OR VL OR scFv OR nanobody OR Fab OR CDR),https://patents.google.com/?q=%28anti-CD20+OR+anti-MS4A1+OR+rituximab+OR+obinutuzumab+OR+ofatumumab%29+%28antibody+OR+immunoglobulin+OR+VH+OR+VHH+OR+VL+OR+scFv+OR+nanobody+OR+Fab+OR+CDR%29,"""CD20"" antibody variable region",not_started
CD19,Oncology,anti-CD19 OR blinatumomab OR loncastuximab OR tafasitamab,P15391,"(anti-CD19 OR blinatumomab OR loncastuximab OR tafasitamab) AND (antibody OR immunoglobulin OR VH OR VHH OR VL OR scFv OR nanobody OR Fab OR heavy chain OR light chain OR CDR OR variable region) AND ""PAT""[Division]",200,200,yes,105,84,8,84,https://www.ncbi.nlm.nih.gov/protein/?term=%28anti-CD19+OR+blinatumomab+OR+loncastuximab+OR+tafasitamab%29+AND+%28antibody+OR+immunoglobulin+OR+VH+OR+VHH+OR+VL+OR+scFv+OR+nanobody+OR+Fab+OR+heavy+chain+OR+light+chain+OR+CDR+OR+variable+region%29+AND+%22PAT%22%5BDivision%5D,(anti-CD19 OR blinatumomab OR loncastuximab OR tafasitamab) (antibody OR immunoglobulin OR VH OR VHH OR VL OR scFv OR nanobody OR Fab OR CDR),https://patents.google.com/?q=%28anti-CD19+OR+blinatumomab+OR+loncastuximab+OR+tafasitamab%29+%28antibody+OR+immunoglobulin+OR+VH+OR+VHH+OR+VL+OR+scFv+OR+nanobody+OR+Fab+OR+CDR%29,"""CD19"" antibody variable region",not_started
CD3,Oncology,anti-CD3 OR anti-CD3E OR blinatumomab OR teplizumab,P07766,"(anti-CD3 OR anti-CD3E OR blinatumomab OR teplizumab) AND (antibody OR immunoglobulin OR VH OR VHH OR VL OR scFv OR nanobody OR Fab OR heavy chain OR light chain OR CDR OR variable region) AND ""PAT""[Division]",200,200,yes,60,35,5,35,https://www.ncbi.nlm.nih.gov/protein/?term=%28anti-CD3+OR+anti-CD3E+OR+blinatumomab+OR+teplizumab%29+AND+%28antibody+OR+immunoglobulin+OR+VH+OR+VHH+OR+VL+OR+scFv+OR+nanobody+OR+Fab+OR+heavy+chain+OR+light+chain+OR+CDR+OR+variable+region%29+AND+%22PAT%22%5BDivision%5D,(anti-CD3 OR anti-CD3E OR blinatumomab OR teplizumab) (antibody OR immunoglobulin OR VH OR VHH OR VL OR scFv OR nanobody OR Fab OR CDR),https://patents.google.com/?q=%28anti-CD3+OR+anti-CD3E+OR+blinatumomab+OR+teplizumab%29+%28antibody+OR+immunoglobulin+OR+VH+OR+VHH+OR+VL+OR+scFv+OR+nanobody+OR+Fab+OR+CDR%29,"""CD3"" antibody variable region",not_started
CD38,Oncology,anti-CD38 OR daratumumab OR isatuximab OR mezagitamab,P28907,"(anti-CD38 OR daratumumab OR isatuximab OR mezagitamab) AND (antibody OR immunoglobulin OR VH OR VHH OR VL OR scFv OR nanobody OR Fab OR heavy chain OR light chain OR CDR OR variable region) AND ""PAT""[Division]",200,178,no,103,56,6,56,https://www.ncbi.nlm.nih.gov/protein/?term=%28anti-CD38+OR+daratumumab+OR+isatuximab+OR+mezagitamab%29+AND+%28antibody+OR+immunoglobulin+OR+VH+OR+VHH+OR+VL+OR+scFv+OR+nanobody+OR+Fab+OR+heavy+chain+OR+light+chain+OR+CDR+OR+variable+region%29+AND+%22PAT%22%5BDivision%5D,(anti-CD38 OR daratumumab OR isatuximab OR mezagitamab) (antibody OR immunoglobulin OR VH OR VHH OR VL OR scFv OR nanobody OR Fab OR CDR),https://patents.google.com/?q=%28anti-CD38+OR+daratumumab+OR+isatuximab+OR+mezagitamab%29+%28antibody+OR+immunoglobulin+OR+VH+OR+VHH+OR+VL+OR+scFv+OR+nanobody+OR+Fab+OR+CDR%29,"""CD38"" antibody variable region",not_started
BCMA,Oncology,anti-BCMA OR anti-TNFRSF17 OR teclistamab OR elranatamab,Q02223,"(anti-BCMA OR anti-TNFRSF17 OR teclistamab OR elranatamab) AND (antibody OR immunoglobulin OR VH OR VHH OR VL OR scFv OR nanobody OR Fab OR heavy chain OR light chain OR CDR OR variable region) AND ""PAT""[Division]",200,200,yes,119,118,5,118,https://www.ncbi.nlm.nih.gov/protein/?term=%28anti-BCMA+OR+anti-TNFRSF17+OR+teclistamab+OR+elranatamab%29+AND+%28antibody+OR+immunoglobulin+OR+VH+OR+VHH+OR+VL+OR+scFv+OR+nanobody+OR+Fab+OR+heavy+chain+OR+light+chain+OR+CDR+OR+variable+region%29+AND+%22PAT%22%5BDivision%5D,(anti-BCMA OR anti-TNFRSF17 OR teclistamab OR elranatamab) (antibody OR immunoglobulin OR VH OR VHH OR VL OR scFv OR nanobody OR Fab OR CDR),https://patents.google.com/?q=%28anti-BCMA+OR+anti-TNFRSF17+OR+teclistamab+OR+elranatamab%29+%28antibody+OR+immunoglobulin+OR+VH+OR+VHH+OR+VL+OR+scFv+OR+nanobody+OR+Fab+OR+CDR%29,"""BCMA"" antibody variable region",not_started
GPRC5D,Oncology,anti-GPRC5D OR talquetamab,Q9NZD1,"(anti-GPRC5D OR talquetamab) AND (antibody OR immunoglobulin OR VH OR VHH OR VL OR scFv OR nanobody OR Fab OR heavy chain OR light chain OR CDR OR variable region) AND ""PAT""[Division]",200,2,no,2,2,1,2,https://www.ncbi.nlm.nih.gov/protein/?term=%28anti-GPRC5D+OR+talquetamab%29+AND+%28antibody+OR+immunoglobulin+OR+VH+OR+VHH+OR+VL+OR+scFv+OR+nanobody+OR+Fab+OR+heavy+chain+OR+light+chain+OR+CDR+OR+variable+region%29+AND+%22PAT%22%5BDivision%5D,(anti-GPRC5D OR talquetamab) (antibody OR immunoglobulin OR VH OR VHH OR VL OR scFv OR nanobody OR Fab OR CDR),https://patents.google.com/?q=%28anti-GPRC5D+OR+talquetamab%29+%28antibody+OR+immunoglobulin+OR+VH+OR+VHH+OR+VL+OR+scFv+OR+nanobody+OR+Fab+OR+CDR%29,"""GPRC5D"" antibody variable region",not_started
FcRH5,Oncology,anti-FcRH5 OR anti-FCRL5 OR cevostamab,Q96RD9,"(anti-FcRH5 OR anti-FCRL5 OR cevostamab) AND (antibody OR immunoglobulin OR VH OR VHH OR VL OR scFv OR nanobody OR Fab OR heavy chain OR light chain OR CDR OR variable region) AND ""PAT""[Division]",200,0,no,0,0,0,0,https://www.ncbi.nlm.nih.gov/protein/?term=%28anti-FcRH5+OR+anti-FCRL5+OR+cevostamab%29+AND+%28antibody+OR+immunoglobulin+OR+VH+OR+VHH+OR+VL+OR+scFv+OR+nanobody+OR+Fab+OR+heavy+chain+OR+light+chain+OR+CDR+OR+variable+region%29+AND+%22PAT%22%5BDivision%5D,(anti-FcRH5 OR anti-FCRL5 OR cevostamab) (antibody OR immunoglobulin OR VH OR VHH OR VL OR scFv OR nanobody OR Fab OR CDR),https://patents.google.com/?q=%28anti-FcRH5+OR+anti-FCRL5+OR+cevostamab%29+%28antibody+OR+immunoglobulin+OR+VH+OR+VHH+OR+VL+OR+scFv+OR+nanobody+OR+Fab+OR+CDR%29,"""FcRH5"" antibody variable region",not_started
CD33,Oncology,anti-CD33 OR gemtuzumab,P20138,"(anti-CD33 OR gemtuzumab) AND (antibody OR immunoglobulin OR VH OR VHH OR VL OR scFv OR nanobody OR Fab OR heavy chain OR light chain OR CDR OR variable region) AND ""PAT""[Division]",200,32,no,25,24,4,24,https://www.ncbi.nlm.nih.gov/protein/?term=%28anti-CD33+OR+gemtuzumab%29+AND+%28antibody+OR+immunoglobulin+OR+VH+OR+VHH+OR+VL+OR+scFv+OR+nanobody+OR+Fab+OR+heavy+chain+OR+light+chain+OR+CDR+OR+variable+region%29+AND+%22PAT%22%5BDivision%5D,(anti-CD33 OR gemtuzumab) (antibody OR immunoglobulin OR VH OR VHH OR VL OR scFv OR nanobody OR Fab OR CDR),https://patents.google.com/?q=%28anti-CD33+OR+gemtuzumab%29+%28antibody+OR+immunoglobulin+OR+VH+OR+VHH+OR+VL+OR+scFv+OR+nanobody+OR+Fab+OR+CDR%29,"""CD33"" antibody variable region",not_started
CD22,Oncology,anti-CD22 OR inotuzumab OR moxetumomab,P20273,"(anti-CD22 OR inotuzumab OR moxetumomab) AND (antibody OR immunoglobulin OR VH OR VHH OR VL OR scFv OR nanobody OR Fab OR heavy chain OR light chain OR CDR OR variable region) AND ""PAT""[Division]",200,200,yes,16,16,3,16,https://www.ncbi.nlm.nih.gov/protein/?term=%28anti-CD22+OR+inotuzumab+OR+moxetumomab%29+AND+%28antibody+OR+immunoglobulin+OR+VH+OR+VHH+OR+VL+OR+scFv+OR+nanobody+OR+Fab+OR+heavy+chain+OR+light+chain+OR+CDR+OR+variable+region%29+AND+%22PAT%22%5BDivision%5D,(anti-CD22 OR inotuzumab OR moxetumomab) (antibody OR immunoglobulin OR VH OR VHH OR VL OR scFv OR nanobody OR Fab OR CDR),https://patents.google.com/?q=%28anti-CD22+OR+inotuzumab+OR+moxetumomab%29+%28antibody+OR+immunoglobulin+OR+VH+OR+VHH+OR+VL+OR+scFv+OR+nanobody+OR+Fab+OR+CDR%29,"""CD22"" antibody variable region",not_started
CD30,Oncology,anti-CD30 OR anti-TNFRSF8 OR brentuximab,P28908,"(anti-CD30 OR anti-TNFRSF8 OR brentuximab) AND (antibody OR immunoglobulin OR VH OR VHH OR VL OR scFv OR nanobody OR Fab OR heavy chain OR light chain OR CDR OR variable region) AND ""PAT""[Division]",200,200,yes,80,16,3,16,https://www.ncbi.nlm.nih.gov/protein/?term=%28anti-CD30+OR+anti-TNFRSF8+OR+brentuximab%29+AND+%28antibody+OR+immunoglobulin+OR+VH+OR+VHH+OR+VL+OR+scFv+OR+nanobody+OR+Fab+OR+heavy+chain+OR+light+chain+OR+CDR+OR+variable+region%29+AND+%22PAT%22%5BDivision%5D,(anti-CD30 OR anti-TNFRSF8 OR brentuximab) (antibody OR immunoglobulin OR VH OR VHH OR VL OR scFv OR nanobody OR Fab OR CDR),https://patents.google.com/?q=%28anti-CD30+OR+anti-TNFRSF8+OR+brentuximab%29+%28antibody+OR+immunoglobulin+OR+VH+OR+VHH+OR+VL+OR+scFv+OR+nanobody+OR+Fab+OR+CDR%29,"""CD30"" antibody variable region",not_started
TROP2,Oncology,anti-TROP2 OR anti-TACSTD2 OR sacituzumab OR datopotamab,P09758,"(anti-TROP2 OR anti-TACSTD2 OR sacituzumab OR datopotamab) AND (antibody OR immunoglobulin OR VH OR VHH OR VL OR scFv OR nanobody OR Fab OR heavy chain OR light chain OR CDR OR variable region) AND ""PAT""[Division]",200,97,no,56,19,5,19,https://www.ncbi.nlm.nih.gov/protein/?term=%28anti-TROP2+OR+anti-TACSTD2+OR+sacituzumab+OR+datopotamab%29+AND+%28antibody+OR+immunoglobulin+OR+VH+OR+VHH+OR+VL+OR+scFv+OR+nanobody+OR+Fab+OR+heavy+chain+OR+light+chain+OR+CDR+OR+variable+region%29+AND+%22PAT%22%5BDivision%5D,(anti-TROP2 OR anti-TACSTD2 OR sacituzumab OR datopotamab) (antibody OR immunoglobulin OR VH OR VHH OR VL OR scFv OR nanobody OR Fab OR CDR),https://patents.google.com/?q=%28anti-TROP2+OR+anti-TACSTD2+OR+sacituzumab+OR+datopotamab%29+%28antibody+OR+immunoglobulin+OR+VH+OR+VHH+OR+VL+OR+scFv+OR+nanobody+OR+Fab+OR+CDR%29,"""TROP2"" antibody variable region",not_started
Nectin-4,Oncology,anti-Nectin-4 OR anti-PVRL4 OR enfortumab,Q96NY8,"(anti-Nectin-4 OR anti-PVRL4 OR enfortumab) AND (antibody OR immunoglobulin OR VH OR VHH OR VL OR scFv OR nanobody OR Fab OR heavy chain OR light chain OR CDR OR variable region) AND ""PAT""[Division]",200,10,no,5,4,2,4,https://www.ncbi.nlm.nih.gov/protein/?term=%28anti-Nectin-4+OR+anti-PVRL4+OR+enfortumab%29+AND+%28antibody+OR+immunoglobulin+OR+VH+OR+VHH+OR+VL+OR+scFv+OR+nanobody+OR+Fab+OR+heavy+chain+OR+light+chain+OR+CDR+OR+variable+region%29+AND+%22PAT%22%5BDivision%5D,(anti-Nectin-4 OR anti-PVRL4 OR enfortumab) (antibody OR immunoglobulin OR VH OR VHH OR VL OR scFv OR nanobody OR Fab OR CDR),https://patents.google.com/?q=%28anti-Nectin-4+OR+anti-PVRL4+OR+enfortumab%29+%28antibody+OR+immunoglobulin+OR+VH+OR+VHH+OR+VL+OR+scFv+OR+nanobody+OR+Fab+OR+CDR%29,"""Nectin-4"" antibody variable region",not_started
CLDN18.2,Oncology,anti-claudin 18 OR anti-CLDN18 OR zolbetuximab,P56856,"(anti-claudin 18 OR anti-CLDN18 OR zolbetuximab) AND (antibody OR immunoglobulin OR VH OR VHH OR VL OR scFv OR nanobody OR Fab OR heavy chain OR light chain OR CDR OR variable region) AND ""PAT""[Division]",200,17,no,17,5,2,5,https://www.ncbi.nlm.nih.gov/protein/?term=%28anti-claudin+18+OR+anti-CLDN18+OR+zolbetuximab%29+AND+%28antibody+OR+immunoglobulin+OR+VH+OR+VHH+OR+VL+OR+scFv+OR+nanobody+OR+Fab+OR+heavy+chain+OR+light+chain+OR+CDR+OR+variable+region%29+AND+%22PAT%22%5BDivision%5D,(anti-claudin 18 OR anti-CLDN18 OR zolbetuximab) (antibody OR immunoglobulin OR VH OR VHH OR VL OR scFv OR nanobody OR Fab OR CDR),https://patents.google.com/?q=%28anti-claudin+18+OR+anti-CLDN18+OR+zolbetuximab%29+%28antibody+OR+immunoglobulin+OR+VH+OR+VHH+OR+VL+OR+scFv+OR+nanobody+OR+Fab+OR+CDR%29,"""CLDN18.2"" antibody variable region",not_started
DLL3,Oncology,anti-DLL3 OR rovalpituzumab OR tarlatamab,Q9NYJ7,"(anti-DLL3 OR rovalpituzumab OR tarlatamab) AND (antibody OR immunoglobulin OR VH OR VHH OR VL OR scFv OR nanobody OR Fab OR heavy chain OR light chain OR CDR OR variable region) AND ""PAT""[Division]",200,200,yes,133,131,3,131,https://www.ncbi.nlm.nih.gov/protein/?term=%28anti-DLL3+OR+rovalpituzumab+OR+tarlatamab%29+AND+%28antibody+OR+immunoglobulin+OR+VH+OR+VHH+OR+VL+OR+scFv+OR+nanobody+OR+Fab+OR+heavy+chain+OR+light+chain+OR+CDR+OR+variable+region%29+AND+%22PAT%22%5BDivision%5D,(anti-DLL3 OR rovalpituzumab OR tarlatamab) (antibody OR immunoglobulin OR VH OR VHH OR VL OR scFv OR nanobody OR Fab OR CDR),https://patents.google.com/?q=%28anti-DLL3+OR+rovalpituzumab+OR+tarlatamab%29+%28antibody+OR+immunoglobulin+OR+VH+OR+VHH+OR+VL+OR+scFv+OR+nanobody+OR+Fab+OR+CDR%29,"""DLL3"" antibody variable region",not_started
Mesothelin,Oncology,anti-mesothelin OR anti-MSLN OR anetumab,Q13421,"(anti-mesothelin OR anti-MSLN OR anetumab) AND (antibody OR immunoglobulin OR VH OR VHH OR VL OR scFv OR nanobody OR Fab OR heavy chain OR light chain OR CDR OR variable region) AND ""PAT""[Division]",200,160,no,59,55,8,55,https://www.ncbi.nlm.nih.gov/protein/?term=%28anti-mesothelin+OR+anti-MSLN+OR+anetumab%29+AND+%28antibody+OR+immunoglobulin+OR+VH+OR+VHH+OR+VL+OR+scFv+OR+nanobody+OR+Fab+OR+heavy+chain+OR+light+chain+OR+CDR+OR+variable+region%29+AND+%22PAT%22%5BDivision%5D,(anti-mesothelin OR anti-MSLN OR anetumab) (antibody OR immunoglobulin OR VH OR VHH OR VL OR scFv OR nanobody OR Fab OR CDR),https://patents.google.com/?q=%28anti-mesothelin+OR+anti-MSLN+OR+anetumab%29+%28antibody+OR+immunoglobulin+OR+VH+OR+VHH+OR+VL+OR+scFv+OR+nanobody+OR+Fab+OR+CDR%29,"""Mesothelin"" antibody variable region",not_started
MET,Oncology,anti-MET OR anti-HGFR OR onartuzumab OR amivantamab,P08581,"(anti-MET OR anti-HGFR OR onartuzumab OR amivantamab) AND (antibody OR immunoglobulin OR VH OR VHH OR VL OR scFv OR nanobody OR Fab OR heavy chain OR light chain OR CDR OR variable region) AND ""PAT""[Division]",200,200,yes,40,39,3,39,https://www.ncbi.nlm.nih.gov/protein/?term=%28anti-MET+OR+anti-HGFR+OR+onartuzumab+OR+amivantamab%29+AND+%28antibody+OR+immunoglobulin+OR+VH+OR+VHH+OR+VL+OR+scFv+OR+nanobody+OR+Fab+OR+heavy+chain+OR+light+chain+OR+CDR+OR+variable+region%29+AND+%22PAT%22%5BDivision%5D,(anti-MET OR anti-HGFR OR onartuzumab OR amivantamab) (antibody OR immunoglobulin OR VH OR VHH OR VL OR scFv OR nanobody OR Fab OR CDR),https://patents.google.com/?q=%28anti-MET+OR+anti-HGFR+OR+onartuzumab+OR+amivantamab%29+%28antibody+OR+immunoglobulin+OR+VH+OR+VHH+OR+VL+OR+scFv+OR+nanobody+OR+Fab+OR+CDR%29,"""MET"" antibody variable region",not_started
PSMA,Oncology,anti-PSMA OR anti-FOLH1 OR capromab,Q04609,"(anti-PSMA OR anti-FOLH1 OR capromab) AND (antibody OR immunoglobulin OR VH OR VHH OR VL OR scFv OR nanobody OR Fab OR heavy chain OR light chain OR CDR OR variable region) AND ""PAT""[Division]",200,200,yes,188,32,1,32,https://www.ncbi.nlm.nih.gov/protein/?term=%28anti-PSMA+OR+anti-FOLH1+OR+capromab%29+AND+%28antibody+OR+immunoglobulin+OR+VH+OR+VHH+OR+VL+OR+scFv+OR+nanobody+OR+Fab+OR+heavy+chain+OR+light+chain+OR+CDR+OR+variable+region%29+AND+%22PAT%22%5BDivision%5D,(anti-PSMA OR anti-FOLH1 OR capromab) (antibody OR immunoglobulin OR VH OR VHH OR VL OR scFv OR nanobody OR Fab OR CDR),https://patents.google.com/?q=%28anti-PSMA+OR+anti-FOLH1+OR+capromab%29+%28antibody+OR+immunoglobulin+OR+VH+OR+VHH+OR+VL+OR+scFv+OR+nanobody+OR+Fab+OR+CDR%29,"""PSMA"" antibody variable region",not_started
FAP,Oncology,anti-FAP OR anti-fibroblast activation protein,Q12884,"(anti-FAP OR anti-fibroblast activation protein) AND (antibody OR immunoglobulin OR VH OR VHH OR VL OR scFv OR nanobody OR Fab OR heavy chain OR light chain OR CDR OR variable region) AND ""PAT""[Division]",200,10,no,6,5,2,5,https://www.ncbi.nlm.nih.gov/protein/?term=%28anti-FAP+OR+anti-fibroblast+activation+protein%29+AND+%28antibody+OR+immunoglobulin+OR+VH+OR+VHH+OR+VL+OR+scFv+OR+nanobody+OR+Fab+OR+heavy+chain+OR+light+chain+OR+CDR+OR+variable+region%29+AND+%22PAT%22%5BDivision%5D,(anti-FAP OR anti-fibroblast activation protein) (antibody OR immunoglobulin OR VH OR VHH OR VL OR scFv OR nanobody OR Fab OR CDR),https://patents.google.com/?q=%28anti-FAP+OR+anti-fibroblast+activation+protein%29+%28antibody+OR+immunoglobulin+OR+VH+OR+VHH+OR+VL+OR+scFv+OR+nanobody+OR+Fab+OR+CDR%29,"""FAP"" antibody variable region",not_started
GPC3,Oncology,anti-GPC3 OR anti-glypican-3 OR codrituzumab,P51654,"(anti-GPC3 OR anti-glypican-3 OR codrituzumab) AND (antibody OR immunoglobulin OR VH OR VHH OR VL OR scFv OR nanobody OR Fab OR heavy chain OR light chain OR CDR OR variable region) AND ""PAT""[Division]",200,200,yes,109,69,2,69,https://www.ncbi.nlm.nih.gov/protein/?term=%28anti-GPC3+OR+anti-glypican-3+OR+codrituzumab%29+AND+%28antibody+OR+immunoglobulin+OR+VH+OR+VHH+OR+VL+OR+scFv+OR+nanobody+OR+Fab+OR+heavy+chain+OR+light+chain+OR+CDR+OR+variable+region%29+AND+%22PAT%22%5BDivision%5D,(anti-GPC3 OR anti-glypican-3 OR codrituzumab) (antibody OR immunoglobulin OR VH OR VHH OR VL OR scFv OR nanobody OR Fab OR CDR),https://patents.google.com/?q=%28anti-GPC3+OR+anti-glypican-3+OR+codrituzumab%29+%28antibody+OR+immunoglobulin+OR+VH+OR+VHH+OR+VL+OR+scFv+OR+nanobody+OR+Fab+OR+CDR%29,"""GPC3"" antibody variable region",not_started
B7-H3,Oncology,anti-B7-H3 OR anti-CD276 OR enoblituzumab OR omburtamab,Q5ZPR3,"(anti-B7-H3 OR anti-CD276 OR enoblituzumab OR omburtamab) AND (antibody OR immunoglobulin OR VH OR VHH OR VL OR scFv OR nanobody OR Fab OR heavy chain OR light chain OR CDR OR variable region) AND ""PAT""[Division]",200,200,yes,106,60,6,60,https://www.ncbi.nlm.nih.gov/protein/?term=%28anti-B7-H3+OR+anti-CD276+OR+enoblituzumab+OR+omburtamab%29+AND+%28antibody+OR+immunoglobulin+OR+VH+OR+VHH+OR+VL+OR+scFv+OR+nanobody+OR+Fab+OR+heavy+chain+OR+light+chain+OR+CDR+OR+variable+region%29+AND+%22PAT%22%5BDivision%5D,(anti-B7-H3 OR anti-CD276 OR enoblituzumab OR omburtamab) (antibody OR immunoglobulin OR VH OR VHH OR VL OR scFv OR nanobody OR Fab OR CDR),https://patents.google.com/?q=%28anti-B7-H3+OR+anti-CD276+OR+enoblituzumab+OR+omburtamab%29+%28antibody+OR+immunoglobulin+OR+VH+OR+VHH+OR+VL+OR+scFv+OR+nanobody+OR+Fab+OR+CDR%29,"""B7-H3"" antibody variable region",not_started
EpCAM,Oncology,anti-EpCAM OR anti-CD326 OR catumaxomab OR solitomab,P16422,"(anti-EpCAM OR anti-CD326 OR catumaxomab OR solitomab) AND (antibody OR immunoglobulin OR VH OR VHH OR VL OR scFv OR nanobody OR Fab OR heavy chain OR light chain OR CDR OR variable region) AND ""PAT""[Division]",200,76,no,44,36,1,36,https://www.ncbi.nlm.nih.gov/protein/?term=%28anti-EpCAM+OR+anti-CD326+OR+catumaxomab+OR+solitomab%29+AND+%28antibody+OR+immunoglobulin+OR+VH+OR+VHH+OR+VL+OR+scFv+OR+nanobody+OR+Fab+OR+heavy+chain+OR+light+chain+OR+CDR+OR+variable+region%29+AND+%22PAT%22%5BDivision%5D,(anti-EpCAM OR anti-CD326 OR catumaxomab OR solitomab) (antibody OR immunoglobulin OR VH OR VHH OR VL OR scFv OR nanobody OR Fab OR CDR),https://patents.google.com/?q=%28anti-EpCAM+OR+anti-CD326+OR+catumaxomab+OR+solitomab%29+%28antibody+OR+immunoglobulin+OR+VH+OR+VHH+OR+VL+OR+scFv+OR+nanobody+OR+Fab+OR+CDR%29,"""EpCAM"" antibody variable region",not_started
TNF-alpha,Cytokine,anti-TNF OR anti-TNFA OR adalimumab OR infliximab OR golimumab OR certolizumab,P01375,"(anti-TNF OR anti-TNFA OR adalimumab OR infliximab OR golimumab OR certolizumab) AND (antibody OR immunoglobulin OR VH OR VHH OR VL OR scFv OR nanobody OR Fab OR heavy chain OR light chain OR CDR OR variable region) AND ""PAT""[Division]",200,200,yes,61,40,8,40,https://www.ncbi.nlm.nih.gov/protein/?term=%28anti-TNF+OR+anti-TNFA+OR+adalimumab+OR+infliximab+OR+golimumab+OR+certolizumab%29+AND+%28antibody+OR+immunoglobulin+OR+VH+OR+VHH+OR+VL+OR+scFv+OR+nanobody+OR+Fab+OR+heavy+chain+OR+light+chain+OR+CDR+OR+variable+region%29+AND+%22PAT%22%5BDivision%5D,(anti-TNF OR anti-TNFA OR adalimumab OR infliximab OR golimumab OR certolizumab) (antibody OR immunoglobulin OR VH OR VHH OR VL OR scFv OR nanobody OR Fab OR CDR),https://patents.google.com/?q=%28anti-TNF+OR+anti-TNFA+OR+adalimumab+OR+infliximab+OR+golimumab+OR+certolizumab%29+%28antibody+OR+immunoglobulin+OR+VH+OR+VHH+OR+VL+OR+scFv+OR+nanobody+OR+Fab+OR+CDR%29,"""TNF-alpha"" antibody variable region",not_started
IL-6,Cytokine,anti-IL-6 OR anti-IL6 OR siltuximab OR olokizumab,P05231,"(anti-IL-6 OR anti-IL6 OR siltuximab OR olokizumab) AND (antibody OR immunoglobulin OR VH OR VHH OR VL OR scFv OR nanobody OR Fab OR heavy chain OR light chain OR CDR OR variable region) AND ""PAT""[Division]",200,200,yes,77,67,6,67,https://www.ncbi.nlm.nih.gov/protein/?term=%28anti-IL-6+OR+anti-IL6+OR+siltuximab+OR+olokizumab%29+AND+%28antibody+OR+immunoglobulin+OR+VH+OR+VHH+OR+VL+OR+scFv+OR+nanobody+OR+Fab+OR+heavy+chain+OR+light+chain+OR+CDR+OR+variable+region%29+AND+%22PAT%22%5BDivision%5D,(anti-IL-6 OR anti-IL6 OR siltuximab OR olokizumab) (antibody OR immunoglobulin OR VH OR VHH OR VL OR scFv OR nanobody OR Fab OR CDR),https://patents.google.com/?q=%28anti-IL-6+OR+anti-IL6+OR+siltuximab+OR+olokizumab%29+%28antibody+OR+immunoglobulin+OR+VH+OR+VHH+OR+VL+OR+scFv+OR+nanobody+OR+Fab+OR+CDR%29,"""IL-6"" antibody variable region",not_started
IL-6R,Cytokine,anti-IL-6R OR anti-IL6R OR tocilizumab OR sarilumab,P08887,"(anti-IL-6R OR anti-IL6R OR tocilizumab OR sarilumab) AND (antibody OR immunoglobulin OR VH OR VHH OR VL OR scFv OR nanobody OR Fab OR heavy chain OR light chain OR CDR OR variable region) AND ""PAT""[Division]",200,200,yes,75,36,2,36,https://www.ncbi.nlm.nih.gov/protein/?term=%28anti-IL-6R+OR+anti-IL6R+OR+tocilizumab+OR+sarilumab%29+AND+%28antibody+OR+immunoglobulin+OR+VH+OR+VHH+OR+VL+OR+scFv+OR+nanobody+OR+Fab+OR+heavy+chain+OR+light+chain+OR+CDR+OR+variable+region%29+AND+%22PAT%22%5BDivision%5D,(anti-IL-6R OR anti-IL6R OR tocilizumab OR sarilumab) (antibody OR immunoglobulin OR VH OR VHH OR VL OR scFv OR nanobody OR Fab OR CDR),https://patents.google.com/?q=%28anti-IL-6R+OR+anti-IL6R+OR+tocilizumab+OR+sarilumab%29+%28antibody+OR+immunoglobulin+OR+VH+OR+VHH+OR+VL+OR+scFv+OR+nanobody+OR+Fab+OR+CDR%29,"""IL-6R"" antibody variable region",not_started
IL-17A,Cytokine,anti-IL-17A OR anti-IL17A OR secukinumab OR ixekizumab OR bimekizumab,Q16552,"(anti-IL-17A OR anti-IL17A OR secukinumab OR ixekizumab OR bimekizumab) AND (antibody OR immunoglobulin OR VH OR VHH OR VL OR scFv OR nanobody OR Fab OR heavy chain OR light chain OR CDR OR variable region) AND ""PAT""[Division]",200,77,no,34,34,2,34,https://www.ncbi.nlm.nih.gov/protein/?term=%28anti-IL-17A+OR+anti-IL17A+OR+secukinumab+OR+ixekizumab+OR+bimekizumab%29+AND+%28antibody+OR+immunoglobulin+OR+VH+OR+VHH+OR+VL+OR+scFv+OR+nanobody+OR+Fab+OR+heavy+chain+OR+light+chain+OR+CDR+OR+variable+region%29+AND+%22PAT%22%5BDivision%5D,(anti-IL-17A OR anti-IL17A OR secukinumab OR ixekizumab OR bimekizumab) (antibody OR immunoglobulin OR VH OR VHH OR VL OR scFv OR nanobody OR Fab OR CDR),https://patents.google.com/?q=%28anti-IL-17A+OR+anti-IL17A+OR+secukinumab+OR+ixekizumab+OR+bimekizumab%29+%28antibody+OR+immunoglobulin+OR+VH+OR+VHH+OR+VL+OR+scFv+OR+nanobody+OR+Fab+OR+CDR%29,"""IL-17A"" antibody variable region",not_started
IL-17RA,Cytokine,anti-IL-17RA OR anti-IL17RA OR brodalumab,Q96F46,"(anti-IL-17RA OR anti-IL17RA OR brodalumab) AND (antibody OR immunoglobulin OR VH OR VHH OR VL OR scFv OR nanobody OR Fab OR heavy chain OR light chain OR CDR OR variable region) AND ""PAT""[Division]",200,7,no,2,2,1,2,https://www.ncbi.nlm.nih.gov/protein/?term=%28anti-IL-17RA+OR+anti-IL17RA+OR+brodalumab%29+AND+%28antibody+OR+immunoglobulin+OR+VH+OR+VHH+OR+VL+OR+scFv+OR+nanobody+OR+Fab+OR+heavy+chain+OR+light+chain+OR+CDR+OR+variable+region%29+AND+%22PAT%22%5BDivision%5D,(anti-IL-17RA OR anti-IL17RA OR brodalumab) (antibody OR immunoglobulin OR VH OR VHH OR VL OR scFv OR nanobody OR Fab OR CDR),https://patents.google.com/?q=%28anti-IL-17RA+OR+anti-IL17RA+OR+brodalumab%29+%28antibody+OR+immunoglobulin+OR+VH+OR+VHH+OR+VL+OR+scFv+OR+nanobody+OR+Fab+OR+CDR%29,"""IL-17RA"" antibody variable region",not_started
IL-4Ra,Cytokine,anti-IL-4R OR anti-IL4R OR dupilumab,P24394,"(anti-IL-4R OR anti-IL4R OR dupilumab) AND (antibody OR immunoglobulin OR VH OR VHH OR VL OR scFv OR nanobody OR Fab OR heavy chain OR light chain OR CDR OR variable region) AND ""PAT""[Division]",200,76,no,43,36,3,36,https://www.ncbi.nlm.nih.gov/protein/?term=%28anti-IL-4R+OR+anti-IL4R+OR+dupilumab%29+AND+%28antibody+OR+immunoglobulin+OR+VH+OR+VHH+OR+VL+OR+scFv+OR+nanobody+OR+Fab+OR+heavy+chain+OR+light+chain+OR+CDR+OR+variable+region%29+AND+%22PAT%22%5BDivision%5D,(anti-IL-4R OR anti-IL4R OR dupilumab) (antibody OR immunoglobulin OR VH OR VHH OR VL OR scFv OR nanobody OR Fab OR CDR),https://patents.google.com/?q=%28anti-IL-4R+OR+anti-IL4R+OR+dupilumab%29+%28antibody+OR+immunoglobulin+OR+VH+OR+VHH+OR+VL+OR+scFv+OR+nanobody+OR+Fab+OR+CDR%29,"""IL-4Ra"" antibody variable region",not_started
IL-13,Cytokine,anti-IL-13 OR anti-IL13 OR tralokinumab OR cendakimab,P35225,"(anti-IL-13 OR anti-IL13 OR tralokinumab OR cendakimab) AND (antibody OR immunoglobulin OR VH OR VHH OR VL OR scFv OR nanobody OR Fab OR heavy chain OR light chain OR CDR OR variable region) AND ""PAT""[Division]",200,200,yes,65,60,3,60,https://www.ncbi.nlm.nih.gov/protein/?term=%28anti-IL-13+OR+anti-IL13+OR+tralokinumab+OR+cendakimab%29+AND+%28antibody+OR+immunoglobulin+OR+VH+OR+VHH+OR+VL+OR+scFv+OR+nanobody+OR+Fab+OR+heavy+chain+OR+light+chain+OR+CDR+OR+variable+region%29+AND+%22PAT%22%5BDivision%5D,(anti-IL-13 OR anti-IL13 OR tralokinumab OR cendakimab) (antibody OR immunoglobulin OR VH OR VHH OR VL OR scFv OR nanobody OR Fab OR CDR),https://patents.google.com/?q=%28anti-IL-13+OR+anti-IL13+OR+tralokinumab+OR+cendakimab%29+%28antibody+OR+immunoglobulin+OR+VH+OR+VHH+OR+VL+OR+scFv+OR+nanobody+OR+Fab+OR+CDR%29,"""IL-13"" antibody variable region",not_started
IL-5,Cytokine,anti-IL-5 OR anti-IL5 OR mepolizumab OR reslizumab,P05113,"(anti-IL-5 OR anti-IL5 OR mepolizumab OR reslizumab) AND (antibody OR immunoglobulin OR VH OR VHH OR VL OR scFv OR nanobody OR Fab OR heavy chain OR light chain OR CDR OR variable region) AND ""PAT""[Division]",200,30,no,13,9,2,9,https://www.ncbi.nlm.nih.gov/protein/?term=%28anti-IL-5+OR+anti-IL5+OR+mepolizumab+OR+reslizumab%29+AND+%28antibody+OR+immunoglobulin+OR+VH+OR+VHH+OR+VL+OR+scFv+OR+nanobody+OR+Fab+OR+heavy+chain+OR+light+chain+OR+CDR+OR+variable+region%29+AND+%22PAT%22%5BDivision%5D,(anti-IL-5 OR anti-IL5 OR mepolizumab OR reslizumab) (antibody OR immunoglobulin OR VH OR VHH OR VL OR scFv OR nanobody OR Fab OR CDR),https://patents.google.com/?q=%28anti-IL-5+OR+anti-IL5+OR+mepolizumab+OR+reslizumab%29+%28antibody+OR+immunoglobulin+OR+VH+OR+VHH+OR+VL+OR+scFv+OR+nanobody+OR+Fab+OR+CDR%29,"""IL-5"" antibody variable region",not_started
IL-5Ra,Cytokine,anti-IL-5R OR anti-IL5RA OR benralizumab,Q01344,"(anti-IL-5R OR anti-IL5RA OR benralizumab) AND (antibody OR immunoglobulin OR VH OR VHH OR VL OR scFv OR nanobody OR Fab OR heavy chain OR light chain OR CDR OR variable region) AND ""PAT""[Division]",200,7,no,2,2,1,2,https://www.ncbi.nlm.nih.gov/protein/?term=%28anti-IL-5R+OR+anti-IL5RA+OR+benralizumab%29+AND+%28antibody+OR+immunoglobulin+OR+VH+OR+VHH+OR+VL+OR+scFv+OR+nanobody+OR+Fab+OR+heavy+chain+OR+light+chain+OR+CDR+OR+variable+region%29+AND+%22PAT%22%5BDivision%5D,(anti-IL-5R OR anti-IL5RA OR benralizumab) (antibody OR immunoglobulin OR VH OR VHH OR VL OR scFv OR nanobody OR Fab OR CDR),https://patents.google.com/?q=%28anti-IL-5R+OR+anti-IL5RA+OR+benralizumab%29+%28antibody+OR+immunoglobulin+OR+VH+OR+VHH+OR+VL+OR+scFv+OR+nanobody+OR+Fab+OR+CDR%29,"""IL-5Ra"" antibody variable region",not_started
IL-23,Cytokine,anti-IL-23 OR anti-IL23 OR guselkumab OR risankizumab OR tildrakizumab,Q9NPF7,"(anti-IL-23 OR anti-IL23 OR guselkumab OR risankizumab OR tildrakizumab) AND (antibody OR immunoglobulin OR VH OR VHH OR VL OR scFv OR nanobody OR Fab OR heavy chain OR light chain OR CDR OR variable region) AND ""PAT""[Division]",200,200,yes,101,61,3,61,https://www.ncbi.nlm.nih.gov/protein/?term=%28anti-IL-23+OR+anti-IL23+OR+guselkumab+OR+risankizumab+OR+tildrakizumab%29+AND+%28antibody+OR+immunoglobulin+OR+VH+OR+VHH+OR+VL+OR+scFv+OR+nanobody+OR+Fab+OR+heavy+chain+OR+light+chain+OR+CDR+OR+variable+region%29+AND+%22PAT%22%5BDivision%5D,(anti-IL-23 OR anti-IL23 OR guselkumab OR risankizumab OR tildrakizumab) (antibody OR immunoglobulin OR VH OR VHH OR VL OR scFv OR nanobody OR Fab OR CDR),https://patents.google.com/?q=%28anti-IL-23+OR+anti-IL23+OR+guselkumab+OR+risankizumab+OR+tildrakizumab%29+%28antibody+OR+immunoglobulin+OR+VH+OR+VHH+OR+VL+OR+scFv+OR+nanobody+OR+Fab+OR+CDR%29,"""IL-23"" antibody variable region",not_started
IL-12/23 p40,Cytokine,anti-IL-12 OR anti-p40 OR ustekinumab,P29460,"(anti-IL-12 OR anti-p40 OR ustekinumab) AND (antibody OR immunoglobulin OR VH OR VHH OR VL OR scFv OR nanobody OR Fab OR heavy chain OR light chain OR CDR OR variable region) AND ""PAT""[Division]",200,126,no,43,6,3,6,https://www.ncbi.nlm.nih.gov/protein/?term=%28anti-IL-12+OR+anti-p40+OR+ustekinumab%29+AND+%28antibody+OR+immunoglobulin+OR+VH+OR+VHH+OR+VL+OR+scFv+OR+nanobody+OR+Fab+OR+heavy+chain+OR+light+chain+OR+CDR+OR+variable+region%29+AND+%22PAT%22%5BDivision%5D,(anti-IL-12 OR anti-p40 OR ustekinumab) (antibody OR immunoglobulin OR VH OR VHH OR VL OR scFv OR nanobody OR Fab OR CDR),https://patents.google.com/?q=%28anti-IL-12+OR+anti-p40+OR+ustekinumab%29+%28antibody+OR+immunoglobulin+OR+VH+OR+VHH+OR+VL+OR+scFv+OR+nanobody+OR+Fab+OR+CDR%29,"""IL-12/23 p40"" antibody variable region",not_started
IL-33,Cytokine,anti-IL-33 OR anti-IL33 OR itepekimab OR tozorakimab,O95760,"(anti-IL-33 OR anti-IL33 OR itepekimab OR tozorakimab) AND (antibody OR immunoglobulin OR VH OR VHH OR VL OR scFv OR nanobody OR Fab OR heavy chain OR light chain OR CDR OR variable region) AND ""PAT""[Division]",200,200,yes,113,113,1,113,https://www.ncbi.nlm.nih.gov/protein/?term=%28anti-IL-33+OR+anti-IL33+OR+itepekimab+OR+tozorakimab%29+AND+%28antibody+OR+immunoglobulin+OR+VH+OR+VHH+OR+VL+OR+scFv+OR+nanobody+OR+Fab+OR+heavy+chain+OR+light+chain+OR+CDR+OR+variable+region%29+AND+%22PAT%22%5BDivision%5D,(anti-IL-33 OR anti-IL33 OR itepekimab OR tozorakimab) (antibody OR immunoglobulin OR VH OR VHH OR VL OR scFv OR nanobody OR Fab OR CDR),https://patents.google.com/?q=%28anti-IL-33+OR+anti-IL33+OR+itepekimab+OR+tozorakimab%29+%28antibody+OR+immunoglobulin+OR+VH+OR+VHH+OR+VL+OR+scFv+OR+nanobody+OR+Fab+OR+CDR%29,"""IL-33"" antibody variable region",not_started
IL-31,Cytokine,anti-IL-31 OR anti-IL31 OR nemolizumab,Q6EBC2,"(anti-IL-31 OR anti-IL31 OR nemolizumab) AND (antibody OR immunoglobulin OR VH OR VHH OR VL OR scFv OR nanobody OR Fab OR heavy chain OR light chain OR CDR OR variable region) AND ""PAT""[Division]",200,200,yes,88,71,2,71,https://www.ncbi.nlm.nih.gov/protein/?term=%28anti-IL-31+OR+anti-IL31+OR+nemolizumab%29+AND+%28antibody+OR+immunoglobulin+OR+VH+OR+VHH+OR+VL+OR+scFv+OR+nanobody+OR+Fab+OR+heavy+chain+OR+light+chain+OR+CDR+OR+variable+region%29+AND+%22PAT%22%5BDivision%5D,(anti-IL-31 OR anti-IL31 OR nemolizumab) (antibody OR immunoglobulin OR VH OR VHH OR VL OR scFv OR nanobody OR Fab OR CDR),https://patents.google.com/?q=%28anti-IL-31+OR+anti-IL31+OR+nemolizumab%29+%28antibody+OR+immunoglobulin+OR+VH+OR+VHH+OR+VL+OR+scFv+OR+nanobody+OR+Fab+OR+CDR%29,"""IL-31"" antibody variable region",not_started
TSLP,Cytokine,anti-TSLP OR tezepelumab,Q969D9,"(anti-TSLP OR tezepelumab) AND (antibody OR immunoglobulin OR VH OR VHH OR VL OR scFv OR nanobody OR Fab OR heavy chain OR light chain OR CDR OR variable region) AND ""PAT""[Division]",200,163,no,65,41,3,41,https://www.ncbi.nlm.nih.gov/protein/?term=%28anti-TSLP+OR+tezepelumab%29+AND+%28antibody+OR+immunoglobulin+OR+VH+OR+VHH+OR+VL+OR+scFv+OR+nanobody+OR+Fab+OR+heavy+chain+OR+light+chain+OR+CDR+OR+variable+region%29+AND+%22PAT%22%5BDivision%5D,(anti-TSLP OR tezepelumab) (antibody OR immunoglobulin OR VH OR VHH OR VL OR scFv OR nanobody OR Fab OR CDR),https://patents.google.com/?q=%28anti-TSLP+OR+tezepelumab%29+%28antibody+OR+immunoglobulin+OR+VH+OR+VHH+OR+VL+OR+scFv+OR+nanobody+OR+Fab+OR+CDR%29,"""TSLP"" antibody variable region",not_started
IgE,Cytokine,anti-IgE OR omalizumab OR ligelizumab,P01854,"(anti-IgE OR omalizumab OR ligelizumab) AND (antibody OR immunoglobulin OR VH OR VHH OR VL OR scFv OR nanobody OR Fab OR heavy chain OR light chain OR CDR OR variable region) AND ""PAT""[Division]",200,43,no,20,10,3,10,https://www.ncbi.nlm.nih.gov/protein/?term=%28anti-IgE+OR+omalizumab+OR+ligelizumab%29+AND+%28antibody+OR+immunoglobulin+OR+VH+OR+VHH+OR+VL+OR+scFv+OR+nanobody+OR+Fab+OR+heavy+chain+OR+light+chain+OR+CDR+OR+variable+region%29+AND+%22PAT%22%5BDivision%5D,(anti-IgE OR omalizumab OR ligelizumab) (antibody OR immunoglobulin OR VH OR VHH OR VL OR scFv OR nanobody OR Fab OR CDR),https://patents.google.com/?q=%28anti-IgE+OR+omalizumab+OR+ligelizumab%29+%28antibody+OR+immunoglobulin+OR+VH+OR+VHH+OR+VL+OR+scFv+OR+nanobody+OR+Fab+OR+CDR%29,"""IgE"" antibody variable region",not_started
VEGF,Soluble,anti-VEGF OR anti-VEGFA OR bevacizumab OR ranibizumab OR brolucizumab,P15692,"(anti-VEGF OR anti-VEGFA OR bevacizumab OR ranibizumab OR brolucizumab) AND (antibody OR immunoglobulin OR VH OR VHH OR VL OR scFv OR nanobody OR Fab OR heavy chain OR light chain OR CDR OR variable region) AND ""PAT""[Division]",200,200,yes,116,65,9,65,https://www.ncbi.nlm.nih.gov/protein/?term=%28anti-VEGF+OR+anti-VEGFA+OR+bevacizumab+OR+ranibizumab+OR+brolucizumab%29+AND+%28antibody+OR+immunoglobulin+OR+VH+OR+VHH+OR+VL+OR+scFv+OR+nanobody+OR+Fab+OR+heavy+chain+OR+light+chain+OR+CDR+OR+variable+region%29+AND+%22PAT%22%5BDivision%5D,(anti-VEGF OR anti-VEGFA OR bevacizumab OR ranibizumab OR brolucizumab) (antibody OR immunoglobulin OR VH OR VHH OR VL OR scFv OR nanobody OR Fab OR CDR),https://patents.google.com/?q=%28anti-VEGF+OR+anti-VEGFA+OR+bevacizumab+OR+ranibizumab+OR+brolucizumab%29+%28antibody+OR+immunoglobulin+OR+VH+OR+VHH+OR+VL+OR+scFv+OR+nanobody+OR+Fab+OR+CDR%29,"""VEGF"" antibody variable region",not_started
VEGFR2,Soluble,anti-VEGFR2 OR anti-KDR OR ramucirumab,P35968,"(anti-VEGFR2 OR anti-KDR OR ramucirumab) AND (antibody OR immunoglobulin OR VH OR VHH OR VL OR scFv OR nanobody OR Fab OR heavy chain OR light chain OR CDR OR variable region) AND ""PAT""[Division]",200,9,no,4,4,2,4,https://www.ncbi.nlm.nih.gov/protein/?term=%28anti-VEGFR2+OR+anti-KDR+OR+ramucirumab%29+AND+%28antibody+OR+immunoglobulin+OR+VH+OR+VHH+OR+VL+OR+scFv+OR+nanobody+OR+Fab+OR+heavy+chain+OR+light+chain+OR+CDR+OR+variable+region%29+AND+%22PAT%22%5BDivision%5D,(anti-VEGFR2 OR anti-KDR OR ramucirumab) (antibody OR immunoglobulin OR VH OR VHH OR VL OR scFv OR nanobody OR Fab OR CDR),https://patents.google.com/?q=%28anti-VEGFR2+OR+anti-KDR+OR+ramucirumab%29+%28antibody+OR+immunoglobulin+OR+VH+OR+VHH+OR+VL+OR+scFv+OR+nanobody+OR+Fab+OR+CDR%29,"""VEGFR2"" antibody variable region",not_started
NGF,Soluble,anti-NGF OR tanezumab OR fasinumab OR fulranumab,P01138,"(anti-NGF OR tanezumab OR fasinumab OR fulranumab) AND (antibody OR immunoglobulin OR VH OR VHH OR VL OR scFv OR nanobody OR Fab OR heavy chain OR light chain OR CDR OR variable region) AND ""PAT""[Division]",200,200,yes,85,77,3,77,https://www.ncbi.nlm.nih.gov/protein/?term=%28anti-NGF+OR+tanezumab+OR+fasinumab+OR+fulranumab%29+AND+%28antibody+OR+immunoglobulin+OR+VH+OR+VHH+OR+VL+OR+scFv+OR+nanobody+OR+Fab+OR+heavy+chain+OR+light+chain+OR+CDR+OR+variable+region%29+AND+%22PAT%22%5BDivision%5D,(anti-NGF OR tanezumab OR fasinumab OR fulranumab) (antibody OR immunoglobulin OR VH OR VHH OR VL OR scFv OR nanobody OR Fab OR CDR),https://patents.google.com/?q=%28anti-NGF+OR+tanezumab+OR+fasinumab+OR+fulranumab%29+%28antibody+OR+immunoglobulin+OR+VH+OR+VHH+OR+VL+OR+scFv+OR+nanobody+OR+Fab+OR+CDR%29,"""NGF"" antibody variable region",not_started
CGRP,Soluble,anti-CGRP OR fremanezumab OR galcanezumab OR eptinezumab,P06881,"(anti-CGRP OR fremanezumab OR galcanezumab OR eptinezumab) AND (antibody OR immunoglobulin OR VH OR VHH OR VL OR scFv OR nanobody OR Fab OR heavy chain OR light chain OR CDR OR variable region) AND ""PAT""[Division]",200,200,yes,62,41,2,41,https://www.ncbi.nlm.nih.gov/protein/?term=%28anti-CGRP+OR+fremanezumab+OR+galcanezumab+OR+eptinezumab%29+AND+%28antibody+OR+immunoglobulin+OR+VH+OR+VHH+OR+VL+OR+scFv+OR+nanobody+OR+Fab+OR+heavy+chain+OR+light+chain+OR+CDR+OR+variable+region%29+AND+%22PAT%22%5BDivision%5D,(anti-CGRP OR fremanezumab OR galcanezumab OR eptinezumab) (antibody OR immunoglobulin OR VH OR VHH OR VL OR scFv OR nanobody OR Fab OR CDR),https://patents.google.com/?q=%28anti-CGRP+OR+fremanezumab+OR+galcanezumab+OR+eptinezumab%29+%28antibody+OR+immunoglobulin+OR+VH+OR+VHH+OR+VL+OR+scFv+OR+nanobody+OR+Fab+OR+CDR%29,"""CGRP"" antibody variable region",not_started
CGRPr,Soluble,anti-CGRP receptor OR erenumab OR anti-CALCRL,Q16602,"(anti-CGRP receptor OR erenumab OR anti-CALCRL) AND (antibody OR immunoglobulin OR VH OR VHH OR VL OR scFv OR nanobody OR Fab OR heavy chain OR light chain OR CDR OR variable region) AND ""PAT""[Division]",200,7,no,2,2,1,2,https://www.ncbi.nlm.nih.gov/protein/?term=%28anti-CGRP+receptor+OR+erenumab+OR+anti-CALCRL%29+AND+%28antibody+OR+immunoglobulin+OR+VH+OR+VHH+OR+VL+OR+scFv+OR+nanobody+OR+Fab+OR+heavy+chain+OR+light+chain+OR+CDR+OR+variable+region%29+AND+%22PAT%22%5BDivision%5D,(anti-CGRP receptor OR erenumab OR anti-CALCRL) (antibody OR immunoglobulin OR VH OR VHH OR VL OR scFv OR nanobody OR Fab OR CDR),https://patents.google.com/?q=%28anti-CGRP+receptor+OR+erenumab+OR+anti-CALCRL%29+%28antibody+OR+immunoglobulin+OR+VH+OR+VHH+OR+VL+OR+scFv+OR+nanobody+OR+Fab+OR+CDR%29,"""CGRPr"" antibody variable region",not_started
PCSK9,Soluble,anti-PCSK9 OR alirocumab OR evolocumab,Q8NBP7,"(anti-PCSK9 OR alirocumab OR evolocumab) AND (antibody OR immunoglobulin OR VH OR VHH OR VL OR scFv OR nanobody OR Fab OR heavy chain OR light chain OR CDR OR variable region) AND ""PAT""[Division]",200,200,yes,61,61,4,61,https://www.ncbi.nlm.nih.gov/protein/?term=%28anti-PCSK9+OR+alirocumab+OR+evolocumab%29+AND+%28antibody+OR+immunoglobulin+OR+VH+OR+VHH+OR+VL+OR+scFv+OR+nanobody+OR+Fab+OR+heavy+chain+OR+light+chain+OR+CDR+OR+variable+region%29+AND+%22PAT%22%5BDivision%5D,(anti-PCSK9 OR alirocumab OR evolocumab) (antibody OR immunoglobulin OR VH OR VHH OR VL OR scFv OR nanobody OR Fab OR CDR),https://patents.google.com/?q=%28anti-PCSK9+OR+alirocumab+OR+evolocumab%29+%28antibody+OR+immunoglobulin+OR+VH+OR+VHH+OR+VL+OR+scFv+OR+nanobody+OR+Fab+OR+CDR%29,"""PCSK9"" antibody variable region",not_started
C5,Soluble,anti-C5 OR eculizumab OR ravulizumab,P01031,"(anti-C5 OR eculizumab OR ravulizumab) AND (antibody OR immunoglobulin OR VH OR VHH OR VL OR scFv OR nanobody OR Fab OR heavy chain OR light chain OR CDR OR variable region) AND ""PAT""[Division]",200,183,no,77,33,4,33,https://www.ncbi.nlm.nih.gov/protein/?term=%28anti-C5+OR+eculizumab+OR+ravulizumab%29+AND+%28antibody+OR+immunoglobulin+OR+VH+OR+VHH+OR+VL+OR+scFv+OR+nanobody+OR+Fab+OR+heavy+chain+OR+light+chain+OR+CDR+OR+variable+region%29+AND+%22PAT%22%5BDivision%5D,(anti-C5 OR eculizumab OR ravulizumab) (antibody OR immunoglobulin OR VH OR VHH OR VL OR scFv OR nanobody OR Fab OR CDR),https://patents.google.com/?q=%28anti-C5+OR+eculizumab+OR+ravulizumab%29+%28antibody+OR+immunoglobulin+OR+VH+OR+VHH+OR+VL+OR+scFv+OR+nanobody+OR+Fab+OR+CDR%29,"""C5"" antibody variable region",not_started
RANKL,Soluble,anti-RANKL OR anti-TNFSF11 OR denosumab,O14788,"(anti-RANKL OR anti-TNFSF11 OR denosumab) AND (antibody OR immunoglobulin OR VH OR VHH OR VL OR scFv OR nanobody OR Fab OR heavy chain OR light chain OR CDR OR variable region) AND ""PAT""[Division]",200,7,no,2,2,1,2,https://www.ncbi.nlm.nih.gov/protein/?term=%28anti-RANKL+OR+anti-TNFSF11+OR+denosumab%29+AND+%28antibody+OR+immunoglobulin+OR+VH+OR+VHH+OR+VL+OR+scFv+OR+nanobody+OR+Fab+OR+heavy+chain+OR+light+chain+OR+CDR+OR+variable+region%29+AND+%22PAT%22%5BDivision%5D,(anti-RANKL OR anti-TNFSF11 OR denosumab) (antibody OR immunoglobulin OR VH OR VHH OR VL OR scFv OR nanobody OR Fab OR CDR),https://patents.google.com/?q=%28anti-RANKL+OR+anti-TNFSF11+OR+denosumab%29+%28antibody+OR+immunoglobulin+OR+VH+OR+VHH+OR+VL+OR+scFv+OR+nanobody+OR+Fab+OR+CDR%29,"""RANKL"" antibody variable region",not_started
Ang2,Soluble,anti-angiopoietin-2 OR anti-ANGPT2 OR faricimab,O15123,"(anti-angiopoietin-2 OR anti-ANGPT2 OR faricimab) AND (antibody OR immunoglobulin OR VH OR VHH OR VL OR scFv OR nanobody OR Fab OR heavy chain OR light chain OR CDR OR variable region) AND ""PAT""[Division]",200,51,no,46,22,2,22,https://www.ncbi.nlm.nih.gov/protein/?term=%28anti-angiopoietin-2+OR+anti-ANGPT2+OR+faricimab%29+AND+%28antibody+OR+immunoglobulin+OR+VH+OR+VHH+OR+VL+OR+scFv+OR+nanobody+OR+Fab+OR+heavy+chain+OR+light+chain+OR+CDR+OR+variable+region%29+AND+%22PAT%22%5BDivision%5D,(anti-angiopoietin-2 OR anti-ANGPT2 OR faricimab) (antibody OR immunoglobulin OR VH OR VHH OR VL OR scFv OR nanobody OR Fab OR CDR),https://patents.google.com/?q=%28anti-angiopoietin-2+OR+anti-ANGPT2+OR+faricimab%29+%28antibody+OR+immunoglobulin+OR+VH+OR+VHH+OR+VL+OR+scFv+OR+nanobody+OR+Fab+OR+CDR%29,"""Ang2"" antibody variable region",not_started
BAFF,Soluble,anti-BAFF OR anti-TNFSF13B OR belimumab,Q9Y275,"(anti-BAFF OR anti-TNFSF13B OR belimumab) AND (antibody OR immunoglobulin OR VH OR VHH OR VL OR scFv OR nanobody OR Fab OR heavy chain OR light chain OR CDR OR variable region) AND ""PAT""[Division]",200,7,no,2,2,1,2,https://www.ncbi.nlm.nih.gov/protein/?term=%28anti-BAFF+OR+anti-TNFSF13B+OR+belimumab%29+AND+%28antibody+OR+immunoglobulin+OR+VH+OR+VHH+OR+VL+OR+scFv+OR+nanobody+OR+Fab+OR+heavy+chain+OR+light+chain+OR+CDR+OR+variable+region%29+AND+%22PAT%22%5BDivision%5D,(anti-BAFF OR anti-TNFSF13B OR belimumab) (antibody OR immunoglobulin OR VH OR VHH OR VL OR scFv OR nanobody OR Fab OR CDR),https://patents.google.com/?q=%28anti-BAFF+OR+anti-TNFSF13B+OR+belimumab%29+%28antibody+OR+immunoglobulin+OR+VH+OR+VHH+OR+VL+OR+scFv+OR+nanobody+OR+Fab+OR+CDR%29,"""BAFF"" antibody variable region",not_started
RSV F,Infectious,anti-RSV OR anti-respiratory syncytial virus OR palivizumab OR nirsevimab,P03420,"(anti-RSV OR anti-respiratory syncytial virus OR palivizumab OR nirsevimab) AND (antibody OR immunoglobulin OR VH OR VHH OR VL OR scFv OR nanobody OR Fab OR heavy chain OR light chain OR CDR OR variable region) AND ""PAT""[Division]",200,200,yes,51,51,2,51,https://www.ncbi.nlm.nih.gov/protein/?term=%28anti-RSV+OR+anti-respiratory+syncytial+virus+OR+palivizumab+OR+nirsevimab%29+AND+%28antibody+OR+immunoglobulin+OR+VH+OR+VHH+OR+VL+OR+scFv+OR+nanobody+OR+Fab+OR+heavy+chain+OR+light+chain+OR+CDR+OR+variable+region%29+AND+%22PAT%22%5BDivision%5D,(anti-RSV OR anti-respiratory syncytial virus OR palivizumab OR nirsevimab) (antibody OR immunoglobulin OR VH OR VHH OR VL OR scFv OR nanobody OR Fab OR CDR),https://patents.google.com/?q=%28anti-RSV+OR+anti-respiratory+syncytial+virus+OR+palivizumab+OR+nirsevimab%29+%28antibody+OR+immunoglobulin+OR+VH+OR+VHH+OR+VL+OR+scFv+OR+nanobody+OR+Fab+OR+CDR%29,"""RSV F"" antibody variable region",not_started
SARS-CoV-2 Spike,Infectious,anti-SARS-CoV-2 OR anti-spike protein OR bebtelovimab OR sotrovimab OR tixagevimab,P0DTC2,"(anti-SARS-CoV-2 OR anti-spike protein OR bebtelovimab OR sotrovimab OR tixagevimab) AND (antibody OR immunoglobulin OR VH OR VHH OR VL OR scFv OR nanobody OR Fab OR heavy chain OR light chain OR CDR OR variable region) AND ""PAT""[Division]",200,14,no,8,7,1,7,https://www.ncbi.nlm.nih.gov/protein/?term=%28anti-SARS-CoV-2+OR+anti-spike+protein+OR+bebtelovimab+OR+sotrovimab+OR+tixagevimab%29+AND+%28antibody+OR+immunoglobulin+OR+VH+OR+VHH+OR+VL+OR+scFv+OR+nanobody+OR+Fab+OR+heavy+chain+OR+light+chain+OR+CDR+OR+variable+region%29+AND+%22PAT%22%5BDivision%5D,(anti-SARS-CoV-2 OR anti-spike protein OR bebtelovimab OR sotrovimab OR tixagevimab) (antibody OR immunoglobulin OR VH OR VHH OR VL OR scFv OR nanobody OR Fab OR CDR),https://patents.google.com/?q=%28anti-SARS-CoV-2+OR+anti-spike+protein+OR+bebtelovimab+OR+sotrovimab+OR+tixagevimab%29+%28antibody+OR+immunoglobulin+OR+VH+OR+VHH+OR+VL+OR+scFv+OR+nanobody+OR+Fab+OR+CDR%29,"""SARS-CoV-2 Spike"" antibody variable region",not_started
Influenza HA,Infectious,anti-influenza hemagglutinin antibody OR anti-HA broadly neutralizing,P03437,"(anti-influenza hemagglutinin antibody OR anti-HA broadly neutralizing) AND (antibody OR immunoglobulin OR VH OR VHH OR VL OR scFv OR nanobody OR Fab OR heavy chain OR light chain OR CDR OR variable region) AND ""PAT""[Division]",200,25,no,25,25,1,25,https://www.ncbi.nlm.nih.gov/protein/?term=%28anti-influenza+hemagglutinin+antibody+OR+anti-HA+broadly+neutralizing%29+AND+%28antibody+OR+immunoglobulin+OR+VH+OR+VHH+OR+VL+OR+scFv+OR+nanobody+OR+Fab+OR+heavy+chain+OR+light+chain+OR+CDR+OR+variable+region%29+AND+%22PAT%22%5BDivision%5D,(anti-influenza hemagglutinin antibody OR anti-HA broadly neutralizing) (antibody OR immunoglobulin OR VH OR VHH OR VL OR scFv OR nanobody OR Fab OR CDR),https://patents.google.com/?q=%28anti-influenza+hemagglutinin+antibody+OR+anti-HA+broadly+neutralizing%29+%28antibody+OR+immunoglobulin+OR+VH+OR+VHH+OR+VL+OR+scFv+OR+nanobody+OR+Fab+OR+CDR%29,"""Influenza HA"" antibody variable region",not_started
HIV gp120,Infectious,anti-HIV gp120 OR anti-HIV envelope OR ibalizumab,P04578,"(anti-HIV gp120 OR anti-HIV envelope OR ibalizumab) AND (antibody OR immunoglobulin OR VH OR VHH OR VL OR scFv OR nanobody OR Fab OR heavy chain OR light chain OR CDR OR variable region) AND ""PAT""[Division]",200,7,no,2,2,1,2,https://www.ncbi.nlm.nih.gov/protein/?term=%28anti-HIV+gp120+OR+anti-HIV+envelope+OR+ibalizumab%29+AND+%28antibody+OR+immunoglobulin+OR+VH+OR+VHH+OR+VL+OR+scFv+OR+nanobody+OR+Fab+OR+heavy+chain+OR+light+chain+OR+CDR+OR+variable+region%29+AND+%22PAT%22%5BDivision%5D,(anti-HIV gp120 OR anti-HIV envelope OR ibalizumab) (antibody OR immunoglobulin OR VH OR VHH OR VL OR scFv OR nanobody OR Fab OR CDR),https://patents.google.com/?q=%28anti-HIV+gp120+OR+anti-HIV+envelope+OR+ibalizumab%29+%28antibody+OR+immunoglobulin+OR+VH+OR+VHH+OR+VL+OR+scFv+OR+nanobody+OR+Fab+OR+CDR%29,"""HIV gp120"" antibody variable region",not_started
Ebola GP,Infectious,anti-Ebola glycoprotein OR mAb114 OR atoltivimab OR inmazeb,Q05320,"(anti-Ebola glycoprotein OR mAb114 OR atoltivimab OR inmazeb) AND (antibody OR immunoglobulin OR VH OR VHH OR VL OR scFv OR nanobody OR Fab OR heavy chain OR light chain OR CDR OR variable region) AND ""PAT""[Division]",200,7,no,2,2,1,2,https://www.ncbi.nlm.nih.gov/protein/?term=%28anti-Ebola+glycoprotein+OR+mAb114+OR+atoltivimab+OR+inmazeb%29+AND+%28antibody+OR+immunoglobulin+OR+VH+OR+VHH+OR+VL+OR+scFv+OR+nanobody+OR+Fab+OR+heavy+chain+OR+light+chain+OR+CDR+OR+variable+region%29+AND+%22PAT%22%5BDivision%5D,(anti-Ebola glycoprotein OR mAb114 OR atoltivimab OR inmazeb) (antibody OR immunoglobulin OR VH OR VHH OR VL OR scFv OR nanobody OR Fab OR CDR),https://patents.google.com/?q=%28anti-Ebola+glycoprotein+OR+mAb114+OR+atoltivimab+OR+inmazeb%29+%28antibody+OR+immunoglobulin+OR+VH+OR+VHH+OR+VL+OR+scFv+OR+nanobody+OR+Fab+OR+CDR%29,"""Ebola GP"" antibody variable region",not_started
